run_id,generation,best_fitness,avg_fitness,best_coverage,best_bugs,cumulative_bugs,novelty,diversity,avg_input_length,avg_input_length_pop
0,0,0.474987,0.396522,0.500000,3,3,0.545455,0.768170,23.97,25.19
0,1,0.424275,0.398862,0.545455,3,3,0.545455,0.765448,22.09,25.83
0,2,0.422307,0.403945,0.545455,3,3,0.545455,0.770404,24.85,23.96
0,3,0.425661,0.402354,0.545455,3,3,0.545455,0.774749,38.81,24.62
0,4,0.424958,0.406682,0.545455,3,3,0.545455,0.778860,29.51,24.96
0,5,0.428395,0.407384,0.545455,3,3,0.568182,0.780776,28.89,26.72
0,6,0.426083,0.408084,0.545455,3,3,0.568182,0.780761,27.45,25.82
0,7,0.426390,0.412908,0.545455,3,3,0.568182,0.783109,27.26,26.43
0,8,0.426190,0.411651,0.545455,3,3,0.568182,0.781952,24.19,25.57
0,9,0.426337,0.414169,0.545455,3,3,0.568182,0.784093,28.35,25.02
0,10,0.426256,0.413420,0.545455,3,3,0.568182,0.783423,23.95,25.35
0,11,0.426370,0.412880,0.545455,3,3,0.568182,0.786402,26.71,25.37
0,12,0.426820,0.414317,0.545455,3,3,0.568182,0.785702,28.06,25.70
0,13,0.426826,0.413851,0.545455,3,3,0.568182,0.785609,26.49,25.68
0,14,0.426932,0.417524,0.545455,3,3,0.568182,0.787986,23.03,26.19
0,15,0.426871,0.417509,0.545455,3,3,0.568182,0.787846,25.93,25.96
0,16,0.437391,0.418062,0.568182,3,3,0.568182,0.787387,26.03,25.48
0,17,0.426888,0.417357,0.545455,3,3,0.568182,0.788383,22.69,25.57
0,18,0.438042,0.419131,0.568182,3,3,0.568182,0.788419,27.25,25.78
0,19,0.426965,0.419008,0.545455,3,3,0.568182,0.787669,26.63,25.52
0,20,0.427305,0.421140,0.545455,3,3,0.568182,0.789599,25.30,26.26
0,21,0.437528,0.418341,0.568182,3,3,0.568182,0.790172,26.30,26.65
0,22,0.427034,0.420219,0.545455,3,3,0.568182,0.789819,27.27,26.13
0,23,0.427346,0.421479,0.545455,3,3,0.568182,0.790811,26.21,26.74
0,24,0.427382,0.420243,0.545455,3,3,0.568182,0.792745,26.09,26.99
0,25,0.427612,0.422148,0.545455,3,3,0.568182,0.792173,27.68,26.36
0,26,0.427347,0.421579,0.545455,3,3,0.568182,0.793595,27.03,27.14
0,27,0.427496,0.420643,0.545455,3,3,0.568182,0.794457,27.25,26.87
0,28,0.427584,0.421244,0.545455,3,3,0.568182,0.794735,27.86,26.90
0,29,0.427853,0.421918,0.545455,3,3,0.568182,0.795320,26.75,26.82
0,30,0.427983,0.423468,0.545455,3,3,0.568182,0.797241,27.78,27.47
0,31,0.428063,0.420994,0.545455,3,3,0.568182,0.798103,29.98,27.47
0,32,0.427841,0.422232,0.545455,3,3,0.568182,0.798320,30.47,27.68
0,33,0.427772,0.421013,0.545455,3,3,0.568182,0.798007,29.63,27.49
0,34,0.428237,0.424067,0.545455,3,3,0.568182,0.799282,27.22,27.40
0,35,0.428009,0.422118,0.545455,3,3,0.568182,0.799569,28.59,27.52
0,36,0.427999,0.422453,0.545455,3,3,0.568182,0.800289,26.95,27.76
0,37,0.428154,0.425705,0.545455,3,3,0.568182,0.801472,27.79,27.96
0,38,0.428082,0.424818,0.545455,3,3,0.568182,0.800913,26.67,28.04
0,39,0.428013,0.422393,0.545455,3,3,0.568182,0.800637,27.50,27.99
0,40,0.428030,0.424651,0.545455,3,3,0.568182,0.801754,28.62,28.40
0,41,0.428133,0.423649,0.545455,3,3,0.568182,0.801272,31.18,29.49
0,42,0.428171,0.423059,0.545455,3,3,0.568182,0.801377,29.31,29.12
0,43,0.428171,0.427011,0.545455,3,3,0.568182,0.803184,29.27,29.02
0,44,0.428481,0.426506,0.545455,3,3,0.568182,0.803596,29.02,29.37
0,45,0.428307,0.423140,0.545455,3,3,0.568182,0.804098,29.52,30.00
0,46,0.428403,0.425473,0.545455,3,3,0.568182,0.804330,31.26,29.54
0,47,0.428252,0.426596,0.545455,3,3,0.568182,0.804436,30.63,30.77
0,48,0.428284,0.427199,0.545455,3,3,0.568182,0.804666,32.50,30.24
0,49,0.428457,0.426369,0.545455,3,3,0.568182,0.805337,34.70,30.49
0,50,0.428352,0.424838,0.545455,3,3,0.568182,0.805247,29.25,30.45
0,51,0.428673,0.426410,0.545455,3,3,0.568182,0.805722,31.81,30.95
0,52,0.428303,0.426373,0.545455,3,3,0.568182,0.804727,32.55,30.61
0,53,0.428594,0.426232,0.545455,3,3,0.568182,0.805271,31.67,30.95
0,54,0.428566,0.424272,0.545455,3,3,0.568182,0.805669,32.22,31.06
0,55,0.428683,0.427712,0.545455,3,3,0.568182,0.806497,32.79,31.26
0,56,0.428664,0.426826,0.545455,3,3,0.568182,0.805804,32.26,31.86
0,57,0.428519,0.426921,0.545455,3,3,0.568182,0.806903,34.35,31.78
0,58,0.428437,0.426592,0.545455,3,3,0.568182,0.806471,31.45,31.62
0,59,0.428697,0.426860,0.545455,3,3,0.568182,0.806371,32.69,32.10
1,0,0.474815,0.395332,0.500000,3,3,0.545455,0.764405,22.42,27.27
1,1,0.436656,0.402127,0.568182,3,3,0.568182,0.767947,29.94,26.25
1,2,0.412378,0.400413,0.522727,3,3,0.568182,0.766599,24.46,26.40
1,3,0.423309,0.405827,0.545455,3,3,0.568182,0.766447,28.85,25.74
1,4,0.424370,0.404292,0.545455,3,3,0.568182,0.765131,25.87,26.38
1,5,0.424353,0.405288,0.545455,3,3,0.568182,0.766016,24.27,26.15
1,6,0.424710,0.406955,0.545455,3,3,0.568182,0.766240,29.16,26.06
1,7,0.424671,0.408253,0.545455,3,3,0.568182,0.769062,27.74,24.79
1,8,0.424807,0.408954,0.545455,3,3,0.568182,0.769327,23.90,24.76
1,9,0.425102,0.409792,0.545455,3,3,0.568182,0.768981,22.43,24.12
1,10,0.424881,0.408205,0.545455,3,3,0.568182,0.769473,24.11,24.51
1,11,0.435704,0.414634,0.568182,3,3,0.568182,0.770239,23.52,24.02
1,12,0.425735,0.412371,0.545455,3,3,0.568182,0.773079,23.01,23.86
1,13,0.425686,0.412543,0.545455,3,3,0.568182,0.772395,24.20,23.84
1,14,0.436529,0.418556,0.568182,3,3,0.568182,0.776353,23.87,23.97
1,15,0.426071,0.418798,0.545455,3,3,0.568182,0.775532,24.47,24.11
1,16,0.426312,0.417218,0.545455,3,3,0.568182,0.777472,24.07,24.98
1,17,0.425749,0.417891,0.545455,3,3,0.568182,0.777386,22.85,24.13
1,18,0.426057,0.416199,0.545455,3,3,0.568182,0.778351,23.95,24.02
1,19,0.426249,0.419253,0.545455,3,3,0.568182,0.777661,24.15,23.99
1,20,0.426710,0.418601,0.545455,3,3,0.568182,0.780578,26.92,24.73
1,21,0.426800,0.414362,0.545455,3,3,0.568182,0.781323,25.08,24.57
1,22,0.435731,0.417812,0.568182,3,3,0.568182,0.781863,23.28,25.09
1,23,0.426648,0.420250,0.545455,3,3,0.568182,0.783506,24.03,24.86
1,24,0.426530,0.419591,0.545455,3,3,0.568182,0.784616,25.05,25.17
1,25,0.426720,0.420361,0.545455,3,3,0.568182,0.787847,25.79,26.11
1,26,0.426910,0.420030,0.545455,3,3,0.568182,0.787900,27.64,26.22
1,27,0.426880,0.418487,0.545455,3,3,0.568182,0.789783,30.85,27.61
1,28,0.427216,0.420934,0.545455,3,3,0.568182,0.789810,26.00,27.79
1,29,0.427030,0.421388,0.545455,3,3,0.568182,0.790940,31.52,28.31
1,30,0.427177,0.421600,0.545455,3,3,0.568182,0.791864,26.40,28.51
1,31,0.427270,0.420803,0.545455,3,3,0.568182,0.791883,27.64,28.79
1,32,0.427307,0.419611,0.545455,3,3,0.568182,0.792320,27.00,29.32
1,33,0.427251,0.421869,0.545455,3,3,0.568182,0.792519,30.34,29.91
1,34,0.427183,0.420626,0.545455,3,3,0.568182,0.793453,29.35,30.53
1,35,0.427650,0.422419,0.545455,3,3,0.568182,0.793107,30.21,29.90
1,36,0.427819,0.422739,0.545455,3,3,0.568182,0.793892,31.16,30.41
1,37,0.438454,0.424568,0.568182,3,3,0.568182,0.796299,27.77,30.77
1,38,0.427462,0.424126,0.545455,3,3,0.568182,0.795370,31.54,31.10
1,39,0.428042,0.421945,0.545455,3,3,0.568182,0.795962,29.53,31.86
1,40,0.427757,0.422497,0.545455,3,3,0.568182,0.796810,30.15,30.25
1,41,0.427591,0.422542,0.545455,3,3,0.568182,0.797204,33.84,30.78
1,42,0.427996,0.421238,0.545455,3,3,0.568182,0.797075,33.76,30.69
1,43,0.427740,0.421882,0.545455,3,3,0.568182,0.798512,27.18,30.89
1,44,0.427918,0.425503,0.545455,3,3,0.568182,0.799342,35.07,30.85
1,45,0.427999,0.422958,0.545455,3,3,0.568182,0.800451,30.20,31.45
1,46,0.427941,0.421351,0.545455,3,3,0.568182,0.799691,34.27,31.25
1,47,0.428061,0.423523,0.545455,3,3,0.568182,0.800016,32.81,32.14
1,48,0.428059,0.424848,0.545455,3,3,0.568182,0.800998,31.31,32.41
1,49,0.428143,0.424435,0.545455,3,3,0.568182,0.802018,32.36,32.22
1,50,0.428080,0.422466,0.545455,3,3,0.568182,0.801373,31.91,32.85
1,51,0.427989,0.424669,0.545455,3,3,0.568182,0.801718,35.71,33.34
1,52,0.438698,0.425588,0.568182,3,3,0.568182,0.802321,33.11,32.92
1,53,0.428000,0.424927,0.545455,3,3,0.568182,0.801518,32.95,33.59
1,54,0.428190,0.424007,0.545455,3,3,0.568182,0.801375,30.50,33.34
1,55,0.428365,0.426112,0.545455,3,3,0.568182,0.801999,33.49,33.29
1,56,0.439425,0.424346,0.568182,3,3,0.568182,0.801558,32.77,32.35
1,57,0.428057,0.424235,0.545455,3,3,0.568182,0.800767,31.25,32.24
1,58,0.428289,0.424058,0.545455,3,3,0.568182,0.800823,35.39,32.86
1,59,0.428113,0.426131,0.545455,3,3,0.568182,0.801547,31.33,33.22
2,0,0.450179,0.396547,0.500000,2,3,0.568182,0.770663,24.25,25.65
2,1,0.413834,0.400148,0.522727,3,3,0.568182,0.773870,25.71,25.72
2,2,0.414132,0.404492,0.522727,3,3,0.568182,0.778571,23.51,24.88
2,3,0.426100,0.404515,0.545455,3,3,0.568182,0.777670,25.79,26.19
2,4,0.424014,0.407063,0.545455,3,3,0.568182,0.777450,23.67,24.54
2,5,0.426092,0.408844,0.545455,3,3,0.568182,0.776854,24.33,24.28
2,6,0.426501,0.408082,0.545455,3,3,0.568182,0.779555,24.41,24.60
2,7,0.426700,0.410345,0.545455,3,3,0.568182,0.781121,24.04,24.89
2,8,0.426480,0.412272,0.545455,3,3,0.568182,0.783572,23.37,25.12
2,9,0.425970,0.410889,0.545455,3,3,0.568182,0.783429,22.49,25.22
2,10,0.425758,0.412775,0.545455,3,3,0.568182,0.784049,24.04,25.38
2,11,0.425623,0.410348,0.545455,3,3,0.568182,0.783223,24.93,25.66
2,12,0.426173,0.410905,0.545455,3,3,0.568182,0.784725,25.84,25.07
2,13,0.426635,0.411416,0.545455,3,3,0.568182,0.786852,33.89,25.86
2,14,0.426934,0.413529,0.545455,3,3,0.568182,0.787958,27.31,26.62
2,15,0.426707,0.413999,0.545455,3,3,0.568182,0.789659,27.71,28.31
2,16,0.426892,0.414959,0.545455,3,3,0.568182,0.789755,26.25,26.67
2,17,0.427027,0.416545,0.545455,3,3,0.568182,0.791385,25.37,25.95
2,18,0.427385,0.414747,0.545455,3,3,0.568182,0.791760,26.17,25.37
2,19,0.427358,0.412561,0.545455,3,3,0.568182,0.791973,27.44,26.81
2,20,0.427011,0.413956,0.545455,3,3,0.568182,0.794516,27.08,25.96
2,21,0.427537,0.414338,0.545455,3,3,0.568182,0.794816,27.35,26.46
2,22,0.427546,0.415901,0.545455,3,3,0.568182,0.794921,25.16,26.49
2,23,0.427642,0.417734,0.545455,3,3,0.568182,0.795259,29.13,26.23
2,24,0.427289,0.416636,0.545455,3,3,0.568182,0.795410,27.11,26.94
2,25,0.427604,0.418622,0.545455,3,3,0.568182,0.794901,27.07,26.18
2,26,0.427546,0.419353,0.545455,3,3,0.568182,0.796514,27.38,26.37
2,27,0.427485,0.418871,0.545455,3,3,0.568182,0.796460,26.87,25.91
2,28,0.427560,0.419739,0.545455,3,3,0.568182,0.796732,27.38,25.91
2,29,0.427561,0.421807,0.545455,3,3,0.568182,0.798000,27.40,26.18
2,30,0.428023,0.420770,0.545455,3,3,0.568182,0.799519,28.00,26.32
2,31,0.427595,0.419291,0.545455,3,3,0.568182,0.799316,25.21,26.94
2,32,0.427665,0.419034,0.545455,3,3,0.568182,0.798273,25.50,26.16
2,33,0.427983,0.420878,0.545455,3,3,0.568182,0.799227,28.50,26.20
2,34,0.427895,0.420242,0.545455,3,3,0.568182,0.798508,26.39,25.84
2,35,0.427969,0.421028,0.545455,3,3,0.568182,0.798812,25.63,26.49
2,36,0.427982,0.418522,0.545455,3,3,0.568182,0.798859,24.71,26.53
2,37,0.427831,0.420256,0.545455,3,3,0.568182,0.798565,26.92,26.11
2,38,0.427777,0.418735,0.545455,3,3,0.568182,0.799258,26.39,25.89
2,39,0.427840,0.418712,0.545455,3,3,0.568182,0.799624,28.32,26.28
2,40,0.428227,0.419606,0.545455,3,3,0.568182,0.800516,28.39,26.81
2,41,0.427880,0.420747,0.545455,3,3,0.568182,0.800117,25.85,26.44
2,42,0.427904,0.421883,0.545455,3,3,0.568182,0.800392,26.58,26.61
2,43,0.438878,0.418874,0.568182,3,3,0.568182,0.800208,27.70,26.13
2,44,0.427676,0.417903,0.545455,3,3,0.568182,0.800189,27.32,27.39
2,45,0.427832,0.421086,0.545455,3,3,0.568182,0.799936,28.36,26.51
2,46,0.438974,0.420614,0.568182,3,3,0.568182,0.801638,28.29,26.72
2,47,0.427891,0.421410,0.545455,3,3,0.568182,0.801082,25.70,26.63
2,48,0.428026,0.420955,0.545455,3,3,0.568182,0.801573,26.17,26.76
2,49,0.428134,0.420607,0.545455,3,3,0.568182,0.802083,25.07,26.98
2,50,0.428237,0.422122,0.545455,3,3,0.568182,0.801946,29.10,26.64
2,51,0.427965,0.418941,0.545455,3,3,0.568182,0.800823,25.91,26.58
2,52,0.428455,0.421288,0.545455,3,3,0.568182,0.802061,25.90,27.17
2,53,0.428080,0.421301,0.545455,3,3,0.568182,0.802296,27.23,26.77
2,54,0.439558,0.419708,0.568182,3,3,0.568182,0.802101,27.57,26.64
2,55,0.428241,0.421957,0.545455,3,3,0.568182,0.801514,28.47,26.82
2,56,0.428180,0.422777,0.545455,3,3,0.568182,0.803187,27.68,27.06
2,57,0.439072,0.422347,0.568182,3,3,0.568182,0.802230,27.77,26.87
2,58,0.428227,0.422668,0.545455,3,3,0.568182,0.802479,28.57,27.25
2,59,0.439179,0.420386,0.568182,3,3,0.568182,0.802635,28.52,27.59
3,0,0.448674,0.399727,0.500000,2,3,0.545455,0.769677,25.87,26.26
3,1,0.422400,0.401809,0.545455,3,3,0.568182,0.769813,30.24,25.83
3,2,0.425013,0.405909,0.545455,3,3,0.568182,0.768598,28.37,26.18
3,3,0.425207,0.406715,0.545455,3,3,0.568182,0.774493,27.81,25.95
3,4,0.425287,0.408847,0.545455,3,3,0.568182,0.774260,26.68,26.16
3,5,0.426080,0.406193,0.545455,3,3,0.568182,0.775177,26.35,26.88
3,6,0.425862,0.412239,0.545455,3,3,0.568182,0.776133,25.81,27.81
3,7,0.425631,0.412589,0.545455,3,3,0.568182,0.775993,28.33,26.09
3,8,0.425668,0.412517,0.545455,3,3,0.568182,0.776966,24.32,26.41
3,9,0.426400,0.412542,0.545455,3,3,0.568182,0.779424,25.76,26.38
3,10,0.425521,0.413999,0.545455,3,3,0.568182,0.779053,26.07,26.03
3,11,0.426169,0.414356,0.545455,3,3,0.568182,0.778345,26.00,25.69
3,12,0.425815,0.410859,0.545455,3,3,0.568182,0.777852,25.28,26.43
3,13,0.425965,0.413650,0.545455,3,3,0.568182,0.778962,26.61,25.82
3,14,0.426247,0.410909,0.545455,3,3,0.568182,0.778303,25.15,25.51
3,15,0.426066,0.412946,0.545455,3,3,0.568182,0.779080,29.91,25.06
3,16,0.426017,0.412960,0.545455,3,3,0.568182,0.781392,26.88,25.18
3,17,0.425973,0.408536,0.545455,3,3,0.568182,0.780544,26.41,25.27
3,18,0.425867,0.413537,0.545455,3,3,0.568182,0.782025,26.94,25.59
3,19,0.426395,0.412853,0.545455,3,3,0.568182,0.782717,28.32,25.39
3,20,0.426409,0.412948,0.545455,3,3,0.568182,0.783508,26.21,25.83
3,21,0.426657,0.413969,0.545455,3,3,0.568182,0.784804,32.89,26.13
3,22,0.426651,0.414316,0.545455,3,3,0.568182,0.783626,26.89,26.38
3,23,0.426726,0.416587,0.545455,3,3,0.568182,0.784837,36.41,27.44
3,24,0.426668,0.418334,0.545455,3,3,0.568182,0.786799,35.41,28.75
3,25,0.437701,0.414965,0.568182,3,3,0.568182,0.786767,31.34,28.11
3,26,0.427255,0.417535,0.545455,3,3,0.568182,0.787137,33.56,28.85
3,27,0.436802,0.418188,0.568182,3,3,0.568182,0.786796,30.19,29.85
3,28,0.426998,0.417129,0.545455,3,3,0.568182,0.786753,34.99,28.89
3,29,0.426709,0.419872,0.545455,3,3,0.568182,0.787175,25.85,29.30
3,30,0.427019,0.419727,0.545455,3,3,0.568182,0.788691,27.13,29.77
3,31,0.427520,0.421794,0.545455,3,3,0.568182,0.789830,33.95,28.88
3,32,0.426945,0.423176,0.545455,3,3,0.568182,0.791037,30.95,29.36
3,33,0.427152,0.418924,0.545455,3,3,0.568182,0.790170,31.05,29.71
3,34,0.427227,0.421026,0.545455,3,3,0.568182,0.791601,31.97,29.93
3,35,0.427197,0.421811,0.545455,3,3,0.568182,0.791947,35.97,30.08
3,36,0.438708,0.421840,0.568182,3,3,0.568182,0.793253,28.95,30.79
3,37,0.427530,0.422961,0.545455,3,3,0.568182,0.792485,30.10,30.55
3,38,0.427594,0.424311,0.545455,3,3,0.568182,0.794278,31.87,30.51
3,39,0.427314,0.424657,0.545455,3,3,0.568182,0.793896,26.77,30.82
3,40,0.427576,0.424232,0.545455,3,3,0.568182,0.795065,28.45,29.78
3,41,0.438957,0.424973,0.568182,3,3,0.568182,0.796578,29.81,29.98
3,42,0.438736,0.425613,0.568182,3,3,0.568182,0.797019,31.73,30.39
3,43,0.427873,0.420411,0.545455,3,3,0.568182,0.796989,29.35,29.79
3,44,0.427787,0.425764,0.545455,3,3,0.568182,0.797246,29.71,29.46
3,45,0.439018,0.427031,0.568182,3,3,0.568182,0.798751,27.93,30.56
3,46,0.427968,0.424539,0.545455,3,3,0.568182,0.799259,31.72,30.36
3,47,0.427807,0.426265,0.545455,3,3,0.568182,0.798459,33.21,29.38
3,48,0.427963,0.425592,0.545455,3,3,0.568182,0.799569,27.81,29.51
3,49,0.438237,0.425540,0.568182,3,3,0.568182,0.799519,27.60,29.41
3,50,0.427966,0.425281,0.545455,3,3,0.568182,0.799143,28.59,29.69
3,51,0.428194,0.426242,0.545455,3,3,0.568182,0.800155,29.65,29.31
3,52,0.427959,0.423470,0.545455,3,3,0.568182,0.799674,27.50,30.55
3,53,0.427983,0.424554,0.545455,3,3,0.568182,0.800017,31.35,29.41
3,54,0.428017,0.424886,0.545455,3,3,0.568182,0.801284,27.99,29.45
3,55,0.427909,0.423905,0.545455,3,3,0.568182,0.801142,28.21,29.99
3,56,0.428101,0.423398,0.545455,3,3,0.568182,0.800668,28.32,29.77
3,57,0.428066,0.425564,0.545455,3,3,0.568182,0.801827,31.41,29.70
3,58,0.428144,0.425269,0.545455,3,3,0.568182,0.801752,32.53,30.57
3,59,0.428354,0.426574,0.545455,3,3,0.568182,0.803371,32.14,31.50
4,0,0.474942,0.397037,0.500000,3,3,0.545455,0.767141,28.91,26.41
4,1,0.427507,0.400230,0.545455,3,3,0.568182,0.768113,30.53,26.14
4,2,0.424672,0.400230,0.545455,3,3,0.568182,0.770977,24.53,25.12
4,3,0.424865,0.404433,0.545455,3,3,0.568182,0.770183,21.72,23.86
4,4,0.424633,0.405284,0.545455,3,3,0.568182,0.770604,24.43,23.36
4,5,0.425641,0.405961,0.545455,3,3,0.568182,0.772710,27.91,23.84
4,6,0.424913,0.405126,0.545455,3,3,0.568182,0.772504,24.61,24.69
4,7,0.436723,0.406317,0.568182,3,3,0.568182,0.774601,23.56,25.37
4,8,0.425391,0.408726,0.545455,3,3,0.568182,0.774227,24.23,24.37
4,9,0.425143,0.407523,0.545455,3,3,0.568182,0.773964,23.85,24.04
4,10,0.425784,0.410412,0.545455,3,3,0.568182,0.775986,25.12,24.44
4,11,0.425487,0.410334,0.545455,3,3,0.568182,0.775825,24.99,24.70
4,12,0.425779,0.409479,0.545455,3,3,0.568182,0.776658,23.71,24.04
4,13,0.426104,0.410510,0.545455,3,3,0.568182,0.778780,26.78,24.88
4,14,0.437021,0.414672,0.568182,3,3,0.568182,0.777748,24.28,24.26
4,15,0.426399,0.413032,0.545455,3,3,0.568182,0.778540,27.11,24.74
4,16,0.426700,0.413621,0.545455,3,3,0.568182,0.780484,26.64,25.31
4,17,0.426368,0.415563,0.545455,3,3,0.568182,0.780649,24.63,24.99
4,18,0.437500,0.416168,0.568182,3,3,0.568182,0.782058,25.04,25.05
4,19,0.425963,0.412806,0.545455,3,3,0.568182,0.779985,23.76,24.68
4,20,0.426314,0.415317,0.545455,3,3,0.568182,0.782158,25.39,25.55
4,21,0.437961,0.413677,0.568182,3,3,0.568182,0.784120,23.57,25.73
4,22,0.426689,0.418435,0.545455,3,3,0.568182,0.783896,23.46,26.65
4,23,0.437060,0.417987,0.568182,3,3,0.568182,0.783176,26.16,26.08
4,24,0.426663,0.417393,0.545455,3,3,0.568182,0.785046,27.41,26.09
4,25,0.426532,0.417646,0.545455,3,3,0.568182,0.784743,27.63,25.88
4,26,0.436894,0.415067,0.568182,3,3,0.568182,0.786414,26.23,26.29
4,27,0.426477,0.418483,0.545455,3,3,0.568182,0.785784,26.46,25.98
4,28,0.426833,0.416582,0.545455,3,3,0.568182,0.786837,25.47,27.77
4,29,0.426883,0.419310,0.545455,3,3,0.568182,0.787171,23.90,26.75
4,30,0.426952,0.419131,0.545455,3,3,0.568182,0.788503,27.66,26.40
4,31,0.427011,0.419922,0.545455,3,3,0.568182,0.786523,27.14,26.22
4,32,0.427095,0.416519,0.545455,3,3,0.568182,0.787874,28.18,27.57
4,33,0.427178,0.419900,0.545455,3,3,0.568182,0.790206,27.47,27.06
4,34,0.437944,0.420975,0.568182,3,3,0.568182,0.790563,29.49,27.19
4,35,0.437200,0.420279,0.568182,3,3,0.568182,0.791285,26.69,27.22
4,36,0.437659,0.418570,0.568182,3,3,0.568182,0.792543,27.07,27.63
4,37,0.427333,0.421316,0.545455,3,3,0.568182,0.793655,29.73,28.25
4,38,0.427670,0.422352,0.545455,3,3,0.568182,0.793904,28.52,27.63
4,39,0.438837,0.420662,0.568182,3,3,0.568182,0.794313,28.95,27.35
4,40,0.427552,0.422689,0.545455,3,3,0.568182,0.795125,26.21,27.51
4,41,0.438338,0.422173,0.568182,3,3,0.568182,0.795791,28.75,27.97
4,42,0.427782,0.422072,0.545455,3,3,0.568182,0.796560,28.13,27.90
4,43,0.427751,0.422381,0.545455,3,3,0.568182,0.796954,28.42,27.78
4,44,0.438551,0.422559,0.568182,3,3,0.568182,0.798791,29.78,27.84
4,45,0.427852,0.421426,0.545455,3,3,0.568182,0.799354,26.57,27.83
4,46,0.427852,0.422862,0.545455,3,3,0.568182,0.798939,26.66,27.90
4,47,0.438747,0.420801,0.568182,3,3,0.568182,0.799505,25.53,27.84
4,48,0.428024,0.423338,0.545455,3,3,0.568182,0.800988,29.26,27.91
4,49,0.427839,0.425720,0.545455,3,3,0.568182,0.801580,29.07,28.21
4,50,0.428045,0.426223,0.545455,3,3,0.568182,0.800722,26.89,27.80
4,51,0.428230,0.426063,0.545455,3,3,0.568182,0.801790,29.35,27.72
4,52,0.428392,0.424863,0.545455,3,3,0.568182,0.801119,29.98,28.06
4,53,0.428131,0.424628,0.545455,3,3,0.568182,0.801765,28.79,27.85
4,54,0.439746,0.423020,0.568182,3,3,0.568182,0.801642,30.78,28.04
4,55,0.428299,0.422591,0.545455,3,3,0.568182,0.802528,29.09,28.32
4,56,0.439138,0.425002,0.568182,3,3,0.568182,0.802520,28.55,28.39
4,57,0.428350,0.423921,0.545455,3,3,0.568182,0.802840,29.57,28.85
4,58,0.439004,0.425299,0.568182,3,3,0.568182,0.802206,27.31,28.42
4,59,0.439254,0.425314,0.568182,3,3,0.568182,0.801686,27.70,28.50
5,0,0.474071,0.399344,0.500000,3,3,0.545455,0.765175,20.81,24.45
5,1,0.423504,0.402899,0.545455,3,3,0.545455,0.766798,21.80,24.40
5,2,0.415099,0.405639,0.522727,3,3,0.568182,0.770302,22.80,25.28
5,3,0.425164,0.401442,0.545455,3,3,0.568182,0.774189,29.92,25.88
5,4,0.425060,0.405043,0.545455,3,3,0.568182,0.777040,27.33,27.11
5,5,0.426053,0.405878,0.545455,3,3,0.568182,0.779469,28.41,27.75
5,6,0.425674,0.408937,0.545455,3,3,0.568182,0.781523,27.03,27.61
5,7,0.414854,0.406073,0.522727,3,3,0.568182,0.782734,26.01,26.91
5,8,0.426237,0.408741,0.545455,3,3,0.568182,0.783132,25.53,26.95
5,9,0.425929,0.412298,0.545455,3,3,0.568182,0.785178,31.17,27.21
5,10,0.426597,0.410300,0.545455,3,3,0.568182,0.784261,28.58,27.65
5,11,0.426245,0.406574,0.545455,3,3,0.568182,0.786084,26.27,26.58
5,12,0.426562,0.409161,0.545455,3,3,0.568182,0.786029,26.82,26.33
5,13,0.426864,0.410470,0.545455,3,3,0.568182,0.787377,28.55,26.67
5,14,0.426281,0.409418,0.545455,3,3,0.568182,0.787290,25.02,26.62
5,15,0.426575,0.408438,0.545455,3,3,0.568182,0.786726,27.66,26.89
5,16,0.426808,0.410490,0.545455,3,3,0.568182,0.787946,25.28,26.88
5,17,0.427129,0.411171,0.545455,3,3,0.568182,0.788916,28.37,27.33
5,18,0.426674,0.408161,0.545455,3,3,0.568182,0.788794,28.77,27.32
5,19,0.426706,0.414437,0.545455,3,3,0.568182,0.789901,28.45,27.47
5,20,0.426894,0.415111,0.545455,3,3,0.568182,0.789474,27.41,26.80
5,21,0.426713,0.415298,0.545455,3,3,0.568182,0.790375,21.90,27.21
5,22,0.426718,0.413149,0.545455,3,3,0.568182,0.790924,27.09,27.14
5,23,0.427274,0.414337,0.545455,3,3,0.568182,0.791118,28.56,26.56
5,24,0.426892,0.412812,0.545455,3,3,0.568182,0.791792,24.64,26.11
5,25,0.427096,0.412583,0.545455,3,3,0.568182,0.792374,26.07,26.04
5,26,0.427180,0.417458,0.545455,3,3,0.568182,0.792882,25.62,26.09
5,27,0.426978,0.416219,0.545455,3,3,0.568182,0.792108,28.39,25.80
5,28,0.427253,0.415300,0.545455,3,3,0.568182,0.791752,26.79,25.48
5,29,0.427133,0.419434,0.545455,3,3,0.568182,0.792361,26.91,25.18
5,30,0.427528,0.416965,0.545455,3,3,0.568182,0.791932,27.01,25.18
5,31,0.427225,0.419700,0.545455,3,3,0.568182,0.792876,25.79,25.20
5,32,0.437448,0.417468,0.568182,3,3,0.568182,0.792838,24.13,25.91
5,33,0.427480,0.420623,0.545455,3,3,0.568182,0.793823,23.50,25.51
5,34,0.427322,0.420414,0.545455,3,3,0.568182,0.794436,26.81,25.65
5,35,0.427541,0.419479,0.545455,3,3,0.568182,0.794703,25.77,25.52
5,36,0.427320,0.422105,0.545455,3,3,0.568182,0.794593,24.23,25.16
5,37,0.427504,0.422016,0.545455,3,3,0.568182,0.795083,25.99,26.00
5,38,0.427424,0.419279,0.545455,3,3,0.568182,0.795715,25.54,25.83
5,39,0.427417,0.419256,0.545455,3,3,0.568182,0.795354,24.62,25.69
5,40,0.427376,0.417226,0.545455,3,3,0.568182,0.795398,24.75,25.66
5,41,0.427543,0.419533,0.545455,3,3,0.568182,0.795073,26.19,25.32
5,42,0.427758,0.420507,0.545455,3,3,0.568182,0.796489,24.61,25.64
5,43,0.427750,0.421819,0.545455,3,3,0.568182,0.796657,25.97,25.47
5,44,0.428026,0.418873,0.545455,3,3,0.568182,0.797066,28.06,26.87
5,45,0.427870,0.419824,0.545455,3,3,0.568182,0.797859,26.91,26.33
5,46,0.427607,0.421767,0.545455,3,3,0.568182,0.797347,28.89,25.84
5,47,0.427574,0.420661,0.545455,3,3,0.568182,0.797833,26.79,26.17
5,48,0.438652,0.422738,0.568182,3,3,0.568182,0.797411,26.65,26.93
5,49,0.427657,0.422856,0.545455,3,3,0.568182,0.797704,26.75,26.15
5,50,0.427776,0.421662,0.545455,3,3,0.568182,0.798490,27.57,26.50
5,51,0.427569,0.421029,0.545455,3,3,0.568182,0.797718,25.90,26.14
5,52,0.427816,0.422322,0.545455,3,3,0.568182,0.798802,26.73,26.48
5,53,0.427753,0.421658,0.545455,3,3,0.568182,0.798809,28.20,26.62
5,54,0.427889,0.418916,0.545455,3,3,0.568182,0.799955,28.61,27.34
5,55,0.427810,0.419354,0.545455,3,3,0.568182,0.798840,29.69,26.83
5,56,0.427923,0.421789,0.545455,3,3,0.568182,0.799808,26.61,27.30
5,57,0.428026,0.422675,0.545455,3,3,0.568182,0.799083,31.36,28.11
5,58,0.427843,0.421537,0.545455,3,3,0.568182,0.800305,28.77,27.19
5,59,0.428121,0.418986,0.545455,3,3,0.568182,0.799758,28.27,27.07
6,0,0.458518,0.395764,0.477273,3,3,0.545455,0.763855,32.74,26.14
6,1,0.424864,0.397128,0.545455,3,3,0.568182,0.768074,22.27,26.92
6,2,0.414431,0.402341,0.522727,3,3,0.568182,0.774332,28.25,26.43
6,3,0.424880,0.405210,0.545455,3,3,0.568182,0.776794,27.61,25.64
6,4,0.425081,0.404832,0.545455,3,3,0.568182,0.778279,26.16,26.35
6,5,0.425642,0.408102,0.545455,3,3,0.568182,0.778492,27.60,25.72
6,6,0.425712,0.408935,0.545455,3,3,0.568182,0.779179,26.79,25.52
6,7,0.425941,0.409567,0.545455,3,3,0.568182,0.780249,28.05,25.59
6,8,0.426274,0.410476,0.545455,3,3,0.568182,0.781676,26.91,26.46
6,9,0.426452,0.411268,0.545455,3,3,0.568182,0.782326,25.99,25.56
6,10,0.426138,0.412880,0.545455,3,3,0.568182,0.784140,25.02,25.70
6,11,0.427223,0.414438,0.545455,3,3,0.568182,0.785410,25.30,25.68
6,12,0.426941,0.413376,0.545455,3,3,0.568182,0.786690,28.13,26.45
6,13,0.427405,0.414851,0.545455,3,3,0.568182,0.789138,25.82,26.05
6,14,0.426903,0.415771,0.545455,3,3,0.568182,0.789525,27.22,26.21
6,15,0.426968,0.416478,0.545455,3,3,0.568182,0.790406,26.95,27.25
6,16,0.438085,0.414991,0.568182,3,3,0.568182,0.791409,25.35,26.62
6,17,0.427700,0.416630,0.545455,3,3,0.568182,0.792431,28.05,26.47
6,18,0.427219,0.419748,0.545455,3,3,0.568182,0.794238,27.87,26.67
6,19,0.427523,0.417526,0.545455,3,3,0.568182,0.793606,28.47,27.24
6,20,0.427167,0.420261,0.545455,3,3,0.568182,0.793710,26.43,27.42
6,21,0.427311,0.420108,0.545455,3,3,0.568182,0.794053,26.67,27.45
6,22,0.427726,0.417098,0.545455,3,3,0.568182,0.795094,26.60,28.11
6,23,0.427381,0.419152,0.545455,3,3,0.568182,0.796028,28.81,27.02
6,24,0.427730,0.420401,0.545455,3,3,0.568182,0.796535,28.79,26.70
6,25,0.427757,0.422523,0.545455,3,3,0.568182,0.797058,26.41,27.11
6,26,0.427692,0.424134,0.545455,3,3,0.568182,0.797740,30.25,27.36
6,27,0.427821,0.421523,0.545455,3,3,0.568182,0.798565,28.69,27.80
6,28,0.428036,0.418368,0.545455,3,3,0.568182,0.799668,28.80,28.51
6,29,0.428183,0.420645,0.545455,3,3,0.568182,0.799705,28.41,28.81
6,30,0.428063,0.422523,0.545455,3,3,0.568182,0.800508,27.78,28.09
6,31,0.427999,0.420814,0.545455,3,3,0.568182,0.800767,26.31,28.74
6,32,0.428091,0.422513,0.545455,3,3,0.568182,0.801820,29.04,28.78
6,33,0.427996,0.424705,0.545455,3,3,0.568182,0.800856,27.65,27.73
6,34,0.428029,0.423951,0.545455,3,3,0.568182,0.801341,28.15,28.57
6,35,0.428146,0.422586,0.545455,3,3,0.568182,0.801805,28.83,28.42
6,36,0.428009,0.425540,0.545455,3,3,0.568182,0.802960,29.37,29.22
6,37,0.428024,0.422778,0.545455,3,3,0.568182,0.802104,28.83,30.14
6,38,0.428200,0.422776,0.545455,3,3,0.568182,0.802534,26.32,29.68
6,39,0.428339,0.423324,0.545455,3,3,0.568182,0.802616,31.63,29.32
6,40,0.428228,0.425650,0.545455,3,3,0.568182,0.803032,28.18,29.39
6,41,0.428405,0.424776,0.545455,3,3,0.568182,0.803758,30.16,29.74
6,42,0.428158,0.424529,0.545455,3,3,0.568182,0.803594,30.65,30.31
6,43,0.428213,0.423748,0.545455,3,3,0.568182,0.802260,30.41,30.38
6,44,0.428212,0.424757,0.545455,3,3,0.568182,0.803022,32.10,30.77
6,45,0.428138,0.424110,0.545455,3,3,0.568182,0.803292,29.45,31.13
6,46,0.428318,0.425027,0.545455,3,3,0.568182,0.804259,30.75,32.03
6,47,0.428170,0.422432,0.545455,3,3,0.568182,0.804532,35.07,31.26
6,48,0.428338,0.425126,0.545455,3,3,0.568182,0.803994,32.42,31.87
6,49,0.428457,0.422341,0.545455,3,3,0.568182,0.804558,32.47,32.35
6,50,0.428159,0.423634,0.545455,3,3,0.568182,0.804444,31.50,31.71
6,51,0.428360,0.423086,0.545455,3,3,0.568182,0.804038,32.75,31.35
6,52,0.428314,0.424249,0.545455,3,3,0.568182,0.804250,32.03,32.04
6,53,0.428611,0.423349,0.545455,3,3,0.568182,0.804136,32.23,31.95
6,54,0.428552,0.422051,0.545455,3,3,0.568182,0.805003,32.75,32.34
6,55,0.428251,0.424665,0.545455,3,3,0.568182,0.804804,31.12,32.48
6,56,0.428291,0.424898,0.545455,3,3,0.568182,0.804430,33.63,32.45
6,57,0.428450,0.423505,0.545455,3,3,0.568182,0.805786,33.62,32.03
6,58,0.428469,0.425301,0.545455,3,3,0.568182,0.805679,30.57,33.21
6,59,0.428400,0.425514,0.545455,3,3,0.568182,0.805496,34.07,32.20
7,0,0.475977,0.390659,0.500000,3,3,0.568182,0.766073,23.64,24.09
7,1,0.414396,0.396202,0.522727,3,3,0.568182,0.772515,25.86,25.22
7,2,0.424646,0.401514,0.545455,3,3,0.568182,0.776821,26.25,26.68
7,3,0.425484,0.403305,0.545455,3,3,0.568182,0.775169,27.39,26.69
7,4,0.425887,0.406656,0.545455,3,3,0.568182,0.776249,25.00,28.08
7,5,0.424922,0.405619,0.545455,3,3,0.568182,0.775833,28.09,27.47
7,6,0.425944,0.402232,0.545455,3,3,0.568182,0.776140,31.27,27.58
7,7,0.425718,0.403643,0.545455,3,3,0.568182,0.777491,29.58,27.25
7,8,0.424959,0.404876,0.545455,3,3,0.568182,0.776926,27.01,26.35
7,9,0.426067,0.406262,0.545455,3,3,0.568182,0.779116,28.69,27.41
7,10,0.426416,0.408917,0.545455,3,3,0.568182,0.778534,27.56,26.63
7,11,0.426502,0.410630,0.545455,3,3,0.568182,0.781688,27.67,27.23
7,12,0.437053,0.412381,0.568182,3,3,0.568182,0.781382,28.81,27.99
7,13,0.426696,0.414793,0.545455,3,3,0.568182,0.781866,25.55,27.51
7,14,0.425353,0.409275,0.545455,3,3,0.568182,0.782682,28.13,27.06
7,15,0.426297,0.413216,0.545455,3,3,0.568182,0.783362,24.51,26.59
7,16,0.426458,0.413308,0.545455,3,3,0.568182,0.785022,27.88,26.27
7,17,0.437724,0.413871,0.568182,3,3,0.568182,0.784266,25.95,26.48
7,18,0.437864,0.416226,0.568182,3,3,0.568182,0.786360,32.34,26.57
7,19,0.427137,0.412234,0.545455,3,3,0.568182,0.787763,25.29,26.50
7,20,0.426479,0.408899,0.545455,3,3,0.568182,0.788227,27.13,27.33
7,21,0.426749,0.412383,0.545455,3,3,0.568182,0.787461,26.92,27.23
7,22,0.437549,0.411990,0.568182,3,3,0.568182,0.788791,29.57,27.72
7,23,0.426372,0.411271,0.545455,3,3,0.568182,0.788752,24.20,27.44
7,24,0.426883,0.415444,0.545455,3,3,0.568182,0.789379,26.03,26.67
7,25,0.427196,0.415075,0.545455,3,3,0.568182,0.790912,27.42,26.84
7,26,0.427082,0.414953,0.545455,3,3,0.568182,0.790915,29.23,27.26
7,27,0.426810,0.416240,0.545455,3,3,0.568182,0.791754,25.19,28.70
7,28,0.437911,0.418539,0.568182,3,3,0.568182,0.791558,30.42,27.25
7,29,0.438484,0.417419,0.568182,3,3,0.568182,0.791930,27.20,27.58
7,30,0.426947,0.416463,0.545455,3,3,0.568182,0.791138,29.95,27.76
7,31,0.427270,0.417186,0.545455,3,3,0.568182,0.792446,30.69,27.90
7,32,0.438701,0.419976,0.568182,3,3,0.568182,0.793550,29.36,28.34
7,33,0.438336,0.420119,0.568182,3,3,0.568182,0.794716,27.97,29.52
7,34,0.438380,0.419106,0.568182,3,3,0.568182,0.793288,28.69,28.79
7,35,0.437878,0.423262,0.568182,3,3,0.568182,0.795719,30.94,29.39
7,36,0.427469,0.421423,0.545455,3,3,0.568182,0.794942,29.35,29.61
7,37,0.437628,0.420581,0.568182,3,3,0.568182,0.795431,24.73,30.26
7,38,0.427618,0.420109,0.545455,3,3,0.568182,0.795597,33.18,29.95
7,39,0.427790,0.421862,0.545455,3,3,0.568182,0.795946,33.55,30.96
7,40,0.427555,0.421418,0.545455,3,3,0.568182,0.795964,32.07,30.75
7,41,0.438271,0.423519,0.568182,3,3,0.568182,0.796339,28.91,30.32
7,42,0.427900,0.421524,0.545455,3,3,0.568182,0.795625,29.62,29.48
7,43,0.427837,0.421057,0.545455,3,3,0.568182,0.796766,30.25,29.76
7,44,0.427598,0.423565,0.545455,3,3,0.568182,0.796734,33.55,30.23
7,45,0.427860,0.423787,0.545455,3,3,0.568182,0.796945,31.07,29.98
7,46,0.427850,0.422563,0.545455,3,3,0.568182,0.797696,39.79,30.18
7,47,0.438587,0.424161,0.568182,3,3,0.568182,0.798504,29.31,31.03
7,48,0.438787,0.423855,0.568182,3,3,0.568182,0.796865,28.90,29.70
7,49,0.439126,0.426222,0.568182,3,3,0.568182,0.797491,28.77,29.51
7,50,0.427745,0.421106,0.545455,3,3,0.568182,0.796299,29.92,28.97
7,51,0.427893,0.425688,0.545455,3,3,0.568182,0.797324,32.43,30.65
7,52,0.438680,0.422300,0.568182,3,3,0.568182,0.798303,31.12,30.71
7,53,0.438678,0.422813,0.568182,3,3,0.568182,0.798226,28.33,30.21
7,54,0.427891,0.422489,0.545455,3,3,0.568182,0.798502,30.56,29.66
7,55,0.439184,0.422283,0.568182,3,3,0.568182,0.799091,30.81,31.27
7,56,0.427893,0.423185,0.545455,3,3,0.568182,0.799369,31.75,29.94
7,57,0.427751,0.423730,0.545455,3,3,0.568182,0.798917,31.13,29.88
7,58,0.427964,0.423094,0.545455,3,3,0.568182,0.798679,30.82,29.91
7,59,0.427800,0.423680,0.545455,3,3,0.568182,0.799136,29.68,30.07
8,0,0.490339,0.398080,0.522727,3,3,0.545455,0.770453,28.74,25.41
8,1,0.425048,0.400518,0.545455,3,3,0.545455,0.775021,30.91,25.77
8,2,0.424801,0.404873,0.545455,3,3,0.545455,0.773854,23.39,25.81
8,3,0.425937,0.406525,0.545455,3,3,0.545455,0.776484,24.52,26.36
8,4,0.425679,0.409723,0.545455,3,3,0.545455,0.777695,22.83,25.36
8,5,0.426075,0.413312,0.545455,3,3,0.545455,0.779172,25.89,25.24
8,6,0.425997,0.412601,0.545455,3,3,0.545455,0.780862,27.49,25.10
8,7,0.426236,0.414599,0.545455,3,3,0.545455,0.781697,27.09,26.83
8,8,0.439639,0.414833,0.568182,3,3,0.568182,0.781813,24.16,25.89
8,9,0.426597,0.415330,0.545455,3,3,0.568182,0.783044,26.37,25.57
8,10,0.426516,0.417241,0.545455,3,3,0.568182,0.784112,25.14,26.07
8,11,0.426831,0.415804,0.545455,3,3,0.568182,0.786139,22.62,25.68
8,12,0.426725,0.415009,0.545455,3,3,0.568182,0.788451,25.87,25.61
8,13,0.426740,0.414688,0.545455,3,3,0.568182,0.788810,25.51,26.97
8,14,0.427072,0.416190,0.545455,3,3,0.568182,0.789707,25.64,25.71
8,15,0.426586,0.416047,0.545455,3,3,0.568182,0.789012,25.76,25.83
8,16,0.427115,0.412979,0.545455,3,3,0.568182,0.788765,27.32,25.74
8,17,0.426992,0.414036,0.545455,3,3,0.568182,0.789872,25.05,26.64
8,18,0.427000,0.415512,0.545455,3,3,0.568182,0.790561,29.01,26.66
8,19,0.427004,0.416572,0.545455,3,3,0.568182,0.791706,27.18,26.34
8,20,0.427128,0.418287,0.545455,3,3,0.568182,0.792185,26.09,26.43
8,21,0.437900,0.416545,0.568182,3,3,0.568182,0.791916,25.87,27.19
8,22,0.427170,0.418003,0.545455,3,3,0.568182,0.792165,26.57,27.04
8,23,0.427139,0.419152,0.545455,3,3,0.568182,0.792410,26.15,27.52
8,24,0.427099,0.417415,0.545455,3,3,0.568182,0.793092,26.25,27.06
8,25,0.427311,0.418950,0.545455,3,3,0.568182,0.791745,26.42,26.99
8,26,0.427335,0.417139,0.545455,3,3,0.568182,0.792871,28.67,26.80
8,27,0.427198,0.418309,0.545455,3,3,0.568182,0.792194,26.81,26.90
8,28,0.427376,0.415423,0.545455,3,3,0.568182,0.793456,29.70,27.17
8,29,0.427928,0.417005,0.545455,3,3,0.568182,0.795335,27.88,27.84
8,30,0.427529,0.419955,0.545455,3,3,0.568182,0.795984,26.68,27.61
8,31,0.427479,0.420958,0.545455,3,3,0.568182,0.797562,30.60,28.27
8,32,0.427533,0.421423,0.545455,3,3,0.568182,0.796531,28.00,28.42
8,33,0.427476,0.421474,0.545455,3,3,0.568182,0.795650,27.39,28.32
8,34,0.427634,0.420893,0.545455,3,3,0.568182,0.797546,27.60,27.91
8,35,0.427662,0.421345,0.545455,3,3,0.568182,0.796151,27.79,28.04
8,36,0.427797,0.422353,0.545455,3,3,0.568182,0.796956,27.91,28.07
8,37,0.427498,0.420071,0.545455,3,3,0.568182,0.797299,28.86,28.44
8,38,0.427588,0.421984,0.545455,3,3,0.568182,0.798159,31.89,28.55
8,39,0.427894,0.420779,0.545455,3,3,0.568182,0.797922,27.95,28.85
8,40,0.427732,0.419281,0.545455,3,3,0.568182,0.797568,28.20,28.65
8,41,0.427801,0.422216,0.545455,3,3,0.568182,0.798518,30.46,28.92
8,42,0.427864,0.419669,0.545455,3,3,0.568182,0.797732,29.23,29.06
8,43,0.427727,0.421380,0.545455,3,3,0.568182,0.797557,29.65,28.21
8,44,0.427555,0.421656,0.545455,3,3,0.568182,0.797869,28.28,28.48
8,45,0.427866,0.421662,0.545455,3,3,0.568182,0.798933,29.89,28.29
8,46,0.437666,0.421121,0.568182,3,3,0.568182,0.798733,26.31,28.09
8,47,0.427617,0.420931,0.545455,3,3,0.568182,0.797196,26.09,29.16
8,48,0.427947,0.420490,0.545455,3,3,0.568182,0.799515,29.28,28.45
8,49,0.427912,0.421211,0.545455,3,3,0.568182,0.799640,30.55,28.35
8,50,0.427979,0.420942,0.545455,3,3,0.568182,0.799847,28.15,28.42
8,51,0.427956,0.422786,0.545455,3,3,0.568182,0.800241,28.64,28.73
8,52,0.428081,0.422189,0.545455,3,3,0.568182,0.799304,29.13,28.31
8,53,0.427971,0.422712,0.545455,3,3,0.568182,0.800177,28.18,28.29
8,54,0.428179,0.422229,0.545455,3,3,0.568182,0.799718,28.12,28.89
8,55,0.428261,0.424288,0.545455,3,3,0.568182,0.801613,28.79,28.97
8,56,0.427986,0.421404,0.545455,3,3,0.568182,0.800432,28.51,28.54
8,57,0.428110,0.420924,0.545455,3,3,0.568182,0.800996,26.37,28.55
8,58,0.428192,0.423559,0.545455,3,3,0.568182,0.801897,32.59,28.84
8,59,0.428112,0.424307,0.545455,3,3,0.568182,0.801741,32.34,29.11
9,0,0.474651,0.395418,0.500000,3,3,0.545455,0.768512,29.57,24.35
9,1,0.426151,0.400764,0.545455,3,3,0.568182,0.772008,30.27,25.74
9,2,0.413950,0.402263,0.522727,3,3,0.568182,0.771940,28.36,25.25
9,3,0.425074,0.401700,0.545455,3,3,0.568182,0.774101,23.35,25.39
9,4,0.425577,0.406183,0.545455,3,3,0.568182,0.779299,22.96,25.58
9,5,0.426319,0.406261,0.545455,3,3,0.568182,0.778492,24.11,24.76
9,6,0.426337,0.408525,0.545455,3,3,0.568182,0.778121,25.70,26.11
9,7,0.425630,0.406707,0.545455,3,3,0.568182,0.778718,23.76,25.79
9,8,0.425943,0.410345,0.545455,3,3,0.568182,0.776932,24.91,24.83
9,9,0.425687,0.403666,0.545455,3,3,0.568182,0.778763,26.75,24.63
9,10,0.425213,0.412244,0.545455,3,3,0.568182,0.779694,24.00,25.48
9,11,0.426425,0.409763,0.545455,3,3,0.568182,0.779636,23.99,24.45
9,12,0.425797,0.409205,0.545455,3,3,0.568182,0.782096,24.43,24.45
9,13,0.425729,0.403736,0.545455,3,3,0.568182,0.782368,24.02,24.46
9,14,0.426448,0.410717,0.545455,3,3,0.568182,0.780691,23.81,24.05
9,15,0.426236,0.411340,0.545455,3,3,0.568182,0.783596,26.07,24.41
9,16,0.438076,0.411583,0.568182,3,3,0.568182,0.785904,23.08,25.05
9,17,0.426315,0.413241,0.545455,3,3,0.568182,0.786674,24.09,24.19
9,18,0.425762,0.410485,0.545455,3,3,0.568182,0.785542,23.59,24.74
9,19,0.426547,0.410936,0.545455,3,3,0.568182,0.786972,25.36,24.21
9,20,0.426881,0.413562,0.545455,3,3,0.568182,0.786195,26.42,24.33
9,21,0.426782,0.411955,0.545455,3,3,0.568182,0.786330,25.45,24.39
9,22,0.426872,0.410116,0.545455,3,3,0.568182,0.786029,24.95,25.00
9,23,0.426579,0.414503,0.545455,3,3,0.568182,0.787117,26.43,25.11
9,24,0.426574,0.416974,0.545455,3,3,0.568182,0.787890,25.69,25.06
9,25,0.426750,0.417691,0.545455,3,3,0.568182,0.787967,26.85,25.82
9,26,0.427135,0.415915,0.545455,3,3,0.568182,0.788180,28.21,26.52
9,27,0.426707,0.415336,0.545455,3,3,0.568182,0.787705,22.25,25.33
9,28,0.427098,0.419463,0.545455,3,3,0.568182,0.789052,26.47,25.99
9,29,0.426825,0.418597,0.545455,3,3,0.568182,0.788886,30.30,25.75
9,30,0.427057,0.417817,0.545455,3,3,0.568182,0.790370,26.38,26.40
9,31,0.427011,0.418009,0.545455,3,3,0.568182,0.791215,28.05,26.50
9,32,0.427369,0.418291,0.545455,3,3,0.568182,0.790033,25.79,27.13
9,33,0.427210,0.416760,0.545455,3,3,0.568182,0.790264,26.32,27.30
9,34,0.427346,0.411588,0.545455,3,3,0.568182,0.790453,31.35,26.10
9,35,0.427020,0.420493,0.545455,3,3,0.568182,0.790366,27.80,26.01
9,36,0.427256,0.421247,0.545455,3,3,0.568182,0.791909,26.98,26.17
9,37,0.427229,0.420020,0.545455,3,3,0.568182,0.791529,27.13,26.87
9,38,0.427484,0.418835,0.545455,3,3,0.568182,0.792650,29.83,26.52
9,39,0.427317,0.419916,0.545455,3,3,0.568182,0.793391,25.83,26.18
9,40,0.427333,0.420364,0.545455,3,3,0.568182,0.791852,26.21,25.99
9,41,0.427626,0.419270,0.545455,3,3,0.568182,0.793066,27.43,26.28
9,42,0.427410,0.420680,0.545455,3,3,0.568182,0.793713,27.17,26.32
9,43,0.427543,0.419966,0.545455,3,3,0.568182,0.794736,26.22,26.33
9,44,0.427403,0.419762,0.545455,3,3,0.568182,0.794743,27.65,26.05
9,45,0.427618,0.418536,0.545455,3,3,0.568182,0.795809,26.57,26.42
9,46,0.427739,0.424187,0.545455,3,3,0.568182,0.795175,27.61,26.36
9,47,0.427709,0.420274,0.545455,3,3,0.568182,0.795252,26.38,26.11
9,48,0.427510,0.423025,0.545455,3,3,0.568182,0.795597,25.74,26.43
9,49,0.427634,0.420343,0.545455,3,3,0.568182,0.795939,29.39,26.34
9,50,0.427799,0.422836,0.545455,3,3,0.568182,0.795634,26.21,25.93
9,51,0.427628,0.423490,0.545455,3,3,0.568182,0.796340,27.51,26.26
9,52,0.427639,0.422101,0.545455,3,3,0.568182,0.795954,26.67,26.13
9,53,0.427846,0.423870,0.545455,3,3,0.568182,0.797475,28.03,26.50
9,54,0.427704,0.419789,0.545455,3,3,0.568182,0.797961,27.31,26.99
9,55,0.427996,0.423340,0.545455,3,3,0.568182,0.798135,27.70,26.58
9,56,0.427663,0.424439,0.545455,3,3,0.568182,0.797554,27.23,26.87
9,57,0.427987,0.425637,0.545455,3,3,0.568182,0.797808,27.44,26.53
9,58,0.427882,0.419255,0.545455,3,3,0.568182,0.797522,27.56,26.98
9,59,0.427686,0.422643,0.545455,3,3,0.568182,0.797486,26.77,26.70
10,0,0.476032,0.397389,0.500000,3,3,0.545455,0.767891,22.58,25.02
10,1,0.413628,0.398212,0.522727,3,3,0.545455,0.770748,26.81,25.28
10,2,0.427047,0.405058,0.545455,3,3,0.568182,0.774670,23.97,26.39
10,3,0.423462,0.405567,0.545455,3,3,0.568182,0.771487,30.28,25.88
10,4,0.424351,0.410355,0.545455,3,3,0.568182,0.774351,25.83,26.91
10,5,0.424978,0.408864,0.545455,3,3,0.568182,0.775566,25.53,26.73
10,6,0.425688,0.413895,0.545455,3,3,0.568182,0.776274,26.24,26.34
10,7,0.425412,0.411871,0.545455,3,3,0.568182,0.777545,25.74,26.47
10,8,0.426128,0.413579,0.545455,3,3,0.568182,0.777262,27.41,25.91
10,9,0.425507,0.411656,0.545455,3,3,0.568182,0.777155,24.87,25.70
10,10,0.425879,0.410438,0.545455,3,3,0.568182,0.778928,26.05,26.10
10,11,0.436995,0.414438,0.568182,3,3,0.568182,0.779934,27.05,26.28
10,12,0.426577,0.415163,0.545455,3,3,0.568182,0.781526,33.35,26.10
10,13,0.426090,0.417271,0.545455,3,3,0.568182,0.781734,26.61,26.86
10,14,0.426346,0.415619,0.545455,3,3,0.568182,0.782712,25.47,26.60
10,15,0.426121,0.414977,0.545455,3,3,0.568182,0.782591,26.05,27.00
10,16,0.437083,0.413067,0.568182,3,3,0.568182,0.783892,27.59,27.01
10,17,0.426340,0.416555,0.545455,3,3,0.568182,0.785147,35.53,28.36
10,18,0.426728,0.417670,0.545455,3,3,0.568182,0.784135,32.16,28.56
10,19,0.426445,0.417508,0.545455,3,3,0.568182,0.784580,29.55,28.37
10,20,0.426222,0.418840,0.545455,3,3,0.568182,0.785777,32.53,28.33
10,21,0.426257,0.418036,0.545455,3,3,0.568182,0.784308,26.43,28.27
10,22,0.426611,0.419021,0.545455,3,3,0.568182,0.785611,28.61,28.21
10,23,0.426745,0.418846,0.545455,3,3,0.568182,0.786277,28.57,29.23
10,24,0.426823,0.418966,0.545455,3,3,0.568182,0.787745,29.87,29.52
10,25,0.427114,0.419213,0.545455,3,3,0.568182,0.787899,28.29,29.40
10,26,0.426899,0.420867,0.545455,3,3,0.568182,0.788581,30.11,29.56
10,27,0.426948,0.420721,0.545455,3,3,0.568182,0.788383,29.55,30.08
10,28,0.426937,0.421410,0.545455,3,3,0.568182,0.789110,29.20,29.63
10,29,0.426919,0.422761,0.545455,3,3,0.568182,0.790521,29.47,29.68
10,30,0.426930,0.419133,0.545455,3,3,0.568182,0.790879,30.31,30.10
10,31,0.427225,0.421886,0.545455,3,3,0.568182,0.791114,30.23,29.60
10,32,0.427728,0.422497,0.545455,3,3,0.568182,0.793364,30.59,29.78
10,33,0.427591,0.420099,0.545455,3,3,0.568182,0.792537,29.40,30.41
10,34,0.427643,0.420074,0.545455,3,3,0.568182,0.793769,31.60,29.27
10,35,0.427522,0.422385,0.545455,3,3,0.568182,0.794716,32.80,29.86
10,36,0.427845,0.424827,0.545455,3,3,0.568182,0.795411,31.12,29.36
10,37,0.427931,0.423178,0.545455,3,3,0.568182,0.796245,30.87,30.12
10,38,0.427700,0.424882,0.545455,3,3,0.568182,0.797493,31.23,30.74
10,39,0.427610,0.421113,0.545455,3,3,0.568182,0.797932,30.11,29.92
10,40,0.427773,0.422103,0.545455,3,3,0.568182,0.798085,33.18,30.55
10,41,0.427755,0.422880,0.545455,3,3,0.568182,0.797395,30.90,30.27
10,42,0.427807,0.421636,0.545455,3,3,0.568182,0.797469,30.44,30.19
10,43,0.427958,0.418623,0.545455,3,3,0.568182,0.797585,31.85,31.15
10,44,0.427723,0.422102,0.545455,3,3,0.568182,0.798977,29.37,30.67
10,45,0.428002,0.420913,0.545455,3,3,0.568182,0.800058,31.31,31.47
10,46,0.427918,0.420744,0.545455,3,3,0.568182,0.798378,30.77,30.97
10,47,0.427885,0.424363,0.545455,3,3,0.568182,0.799138,29.81,30.84
10,48,0.428177,0.425259,0.545455,3,3,0.568182,0.800369,30.16,30.48
10,49,0.427976,0.425829,0.545455,3,3,0.568182,0.800262,33.19,30.93
10,50,0.428161,0.425873,0.545455,3,3,0.568182,0.800058,31.93,30.67
10,51,0.428057,0.425634,0.545455,3,3,0.568182,0.800378,30.91,30.96
10,52,0.428026,0.425479,0.545455,3,3,0.568182,0.801318,32.41,31.30
10,53,0.428120,0.425482,0.545455,3,3,0.568182,0.801988,33.02,31.90
10,54,0.428102,0.425000,0.545455,3,3,0.568182,0.801820,30.95,30.79
10,55,0.428064,0.423356,0.545455,3,3,0.568182,0.800709,33.51,31.58
10,56,0.428208,0.424724,0.545455,3,3,0.568182,0.801972,33.56,31.20
10,57,0.428385,0.424028,0.545455,3,3,0.568182,0.801614,33.67,32.14
10,58,0.428208,0.423117,0.545455,3,3,0.568182,0.801501,32.43,31.62
10,59,0.428257,0.423106,0.545455,3,3,0.568182,0.800793,29.96,32.27
11,0,0.489513,0.400962,0.522727,3,3,0.545455,0.768267,28.03,25.66
11,1,0.423744,0.400353,0.545455,3,3,0.568182,0.769540,25.74,25.91
11,2,0.424070,0.404095,0.545455,3,3,0.568182,0.770582,27.27,26.95
11,3,0.423975,0.403617,0.545455,3,3,0.568182,0.770394,31.63,27.76
11,4,0.435504,0.408608,0.568182,3,3,0.568182,0.770668,27.55,26.50
11,5,0.425847,0.408320,0.545455,3,3,0.568182,0.770293,26.47,26.50
11,6,0.425215,0.406134,0.545455,3,3,0.568182,0.770333,25.47,26.70
11,7,0.425026,0.408638,0.545455,3,3,0.568182,0.772363,30.11,26.50
11,8,0.425167,0.408971,0.545455,3,3,0.568182,0.773140,27.69,26.50
11,9,0.426248,0.409353,0.545455,3,3,0.568182,0.773195,27.79,27.17
11,10,0.425528,0.407251,0.545455,3,3,0.568182,0.772007,26.59,26.13
11,11,0.425768,0.407929,0.545455,3,3,0.568182,0.774130,26.49,26.86
11,12,0.425564,0.410317,0.545455,3,3,0.568182,0.774057,31.23,27.00
11,13,0.425759,0.416118,0.545455,3,3,0.568182,0.775373,25.68,27.57
11,14,0.425576,0.413117,0.545455,3,3,0.568182,0.776549,26.78,27.70
11,15,0.425598,0.414709,0.545455,3,3,0.568182,0.777186,26.66,26.89
11,16,0.425753,0.415884,0.545455,3,3,0.568182,0.776730,25.49,27.05
11,17,0.425952,0.413053,0.545455,3,3,0.568182,0.780019,25.40,27.33
11,18,0.425995,0.414979,0.545455,3,3,0.568182,0.780799,27.71,27.22
11,19,0.426514,0.413932,0.545455,3,3,0.568182,0.782228,28.11,27.70
11,20,0.426103,0.412380,0.545455,3,3,0.568182,0.781381,28.82,28.26
11,21,0.436719,0.416891,0.568182,3,3,0.568182,0.781107,27.30,27.59
11,22,0.437544,0.414131,0.568182,3,3,0.568182,0.781676,27.50,28.84
11,23,0.436604,0.412000,0.568182,3,3,0.568182,0.780057,27.37,28.76
11,24,0.426268,0.415092,0.545455,3,3,0.568182,0.781625,26.13,27.70
11,25,0.437875,0.417273,0.568182,3,3,0.568182,0.782621,25.58,27.48
11,26,0.437385,0.417645,0.568182,3,3,0.568182,0.782496,28.49,27.15
11,27,0.426395,0.413659,0.545455,3,3,0.568182,0.783115,26.97,26.79
11,28,0.437495,0.417300,0.568182,3,3,0.568182,0.783464,25.99,27.58
11,29,0.437702,0.415161,0.568182,3,3,0.568182,0.784268,26.55,27.62
11,30,0.426705,0.417674,0.545455,3,3,0.568182,0.784486,27.27,27.97
11,31,0.437769,0.415501,0.568182,3,3,0.568182,0.785702,27.59,27.32
11,32,0.426732,0.415097,0.545455,3,3,0.568182,0.785963,29.25,27.66
11,33,0.426416,0.417465,0.545455,3,3,0.568182,0.786308,28.31,27.09
11,34,0.437853,0.415447,0.568182,3,3,0.568182,0.786400,28.33,27.64
11,35,0.437837,0.417353,0.568182,3,3,0.568182,0.788001,26.93,27.78
11,36,0.437802,0.417450,0.568182,3,3,0.568182,0.787965,28.03,28.16
11,37,0.438162,0.415919,0.568182,3,3,0.568182,0.789299,28.23,28.39
11,38,0.437597,0.420261,0.568182,3,3,0.568182,0.790264,28.07,28.53
11,39,0.437990,0.420835,0.568182,3,3,0.568182,0.790255,29.87,29.42
11,40,0.438109,0.420847,0.568182,3,3,0.568182,0.790725,28.70,29.56
11,41,0.439028,0.421104,0.568182,3,3,0.568182,0.791200,30.55,29.14
11,42,0.438472,0.420587,0.568182,3,3,0.568182,0.791279,28.84,29.19
11,43,0.438030,0.420641,0.568182,3,3,0.568182,0.791367,29.29,28.93
11,44,0.438657,0.421598,0.568182,3,3,0.568182,0.791540,27.57,28.30
11,45,0.427205,0.419543,0.545455,3,3,0.568182,0.792154,29.39,28.16
11,46,0.427184,0.419600,0.545455,3,3,0.568182,0.791380,27.65,28.43
11,47,0.427255,0.419684,0.545455,3,3,0.568182,0.792468,28.80,28.34
11,48,0.437723,0.419915,0.568182,3,3,0.568182,0.791576,27.71,28.29
11,49,0.427277,0.418602,0.545455,3,3,0.568182,0.792329,28.62,28.26
11,50,0.437671,0.419917,0.568182,3,3,0.568182,0.792844,31.58,28.80
11,51,0.427199,0.419961,0.545455,3,3,0.568182,0.793330,29.22,28.59
11,52,0.438268,0.420875,0.568182,3,3,0.568182,0.793353,29.35,28.68
11,53,0.427468,0.419868,0.545455,3,3,0.568182,0.792704,28.31,28.33
11,54,0.427346,0.421481,0.545455,3,3,0.568182,0.793886,30.03,28.75
11,55,0.427456,0.421192,0.545455,3,3,0.568182,0.793542,30.25,28.99
11,56,0.427438,0.422729,0.545455,3,3,0.568182,0.793703,28.09,28.59
11,57,0.438379,0.421362,0.568182,3,3,0.568182,0.792513,27.61,28.01
11,58,0.437756,0.420772,0.568182,3,3,0.568182,0.793718,28.25,28.36
11,59,0.438968,0.423133,0.568182,3,3,0.568182,0.794246,28.55,29.06
12,0,0.470865,0.398161,0.500000,3,3,0.568182,0.768647,22.15,25.90
12,1,0.423324,0.402108,0.545455,3,3,0.568182,0.768651,23.69,25.92
12,2,0.425481,0.401942,0.545455,3,3,0.568182,0.770279,25.87,25.58
12,3,0.424078,0.404245,0.545455,3,3,0.568182,0.772700,26.37,25.58
12,4,0.424922,0.406854,0.545455,3,3,0.568182,0.774008,24.16,24.93
12,5,0.424785,0.408529,0.545455,3,3,0.568182,0.773867,25.79,24.90
12,6,0.425308,0.408543,0.545455,3,3,0.568182,0.775653,23.37,24.92
12,7,0.425598,0.408916,0.545455,3,3,0.568182,0.775409,25.42,25.13
12,8,0.425726,0.412460,0.545455,3,3,0.568182,0.776940,26.06,26.29
12,9,0.424966,0.410795,0.545455,3,3,0.568182,0.775739,23.67,25.34
12,10,0.425176,0.413968,0.545455,3,3,0.568182,0.776122,23.45,25.46
12,11,0.425821,0.415869,0.545455,3,3,0.568182,0.776157,27.13,25.31
12,12,0.425423,0.408083,0.545455,3,3,0.568182,0.775447,24.11,25.26
12,13,0.425180,0.412272,0.545455,3,3,0.568182,0.774483,25.36,25.33
12,14,0.425350,0.413840,0.545455,3,3,0.568182,0.774829,26.23,25.59
12,15,0.426289,0.415097,0.545455,3,3,0.568182,0.774052,28.14,26.05
12,16,0.425749,0.411200,0.545455,3,3,0.568182,0.777433,26.95,25.78
12,17,0.425897,0.416689,0.545455,3,3,0.568182,0.777716,26.05,26.02
12,18,0.425804,0.413361,0.545455,3,3,0.568182,0.778128,24.75,25.68
12,19,0.426297,0.414517,0.545455,3,3,0.568182,0.780419,26.83,26.33
12,20,0.426320,0.414063,0.545455,3,3,0.568182,0.781707,26.08,26.23
12,21,0.426615,0.411963,0.545455,3,3,0.568182,0.782091,25.03,25.95
12,22,0.426327,0.415014,0.545455,3,3,0.568182,0.785758,26.30,26.05
12,23,0.426791,0.417105,0.545455,3,3,0.568182,0.785706,25.28,26.06
12,24,0.427232,0.415735,0.545455,3,3,0.568182,0.787904,25.89,26.83
12,25,0.427176,0.415665,0.545455,3,3,0.568182,0.787885,25.67,26.14
12,26,0.427088,0.418326,0.545455,3,3,0.568182,0.790419,24.05,27.20
12,27,0.426860,0.417014,0.545455,3,3,0.568182,0.792081,28.39,26.52
12,28,0.438040,0.416348,0.568182,3,3,0.568182,0.791674,26.96,27.30
12,29,0.427166,0.417247,0.545455,3,3,0.568182,0.792892,26.32,27.40
12,30,0.426892,0.416757,0.545455,3,3,0.568182,0.791516,29.45,27.40
12,31,0.427539,0.414812,0.545455,3,3,0.568182,0.792095,29.25,27.88
12,32,0.437188,0.418321,0.568182,3,3,0.568182,0.793066,27.77,28.42
12,33,0.427290,0.420535,0.545455,3,3,0.568182,0.793464,29.53,28.24
12,34,0.427729,0.418291,0.545455,3,3,0.568182,0.794700,29.57,28.45
12,35,0.427933,0.414970,0.545455,3,3,0.568182,0.796704,28.57,28.72
12,36,0.427712,0.416819,0.545455,3,3,0.568182,0.796166,29.25,28.41
12,37,0.427429,0.418548,0.545455,3,3,0.568182,0.796824,30.52,28.99
12,38,0.427681,0.421525,0.545455,3,3,0.568182,0.796997,25.53,28.29
12,39,0.427830,0.421433,0.545455,3,3,0.568182,0.798678,27.46,28.20
12,40,0.427664,0.419376,0.545455,3,3,0.568182,0.798360,30.85,28.02
12,41,0.428013,0.422473,0.545455,3,3,0.568182,0.799503,30.61,28.04
12,42,0.427982,0.423284,0.545455,3,3,0.568182,0.799985,29.16,28.22
12,43,0.427968,0.420795,0.545455,3,3,0.568182,0.800015,29.96,27.97
12,44,0.427959,0.420661,0.545455,3,3,0.568182,0.798844,29.18,27.81
12,45,0.427836,0.421336,0.545455,3,3,0.568182,0.799347,29.95,28.25
12,46,0.428085,0.419907,0.545455,3,3,0.568182,0.799943,29.09,28.59
12,47,0.427897,0.418733,0.545455,3,3,0.568182,0.799500,27.77,29.17
12,48,0.427911,0.422849,0.545455,3,3,0.568182,0.800462,28.64,28.80
12,49,0.428257,0.421593,0.545455,3,3,0.568182,0.800937,29.01,28.50
12,50,0.427937,0.419309,0.545455,3,3,0.568182,0.799992,30.17,28.75
12,51,0.428143,0.418486,0.545455,3,3,0.568182,0.800508,31.88,28.54
12,52,0.427974,0.418700,0.545455,3,3,0.568182,0.800541,29.92,28.42
12,53,0.428203,0.421912,0.545455,3,3,0.568182,0.799864,29.33,28.73
12,54,0.427960,0.418374,0.545455,3,3,0.568182,0.800845,28.98,29.02
12,55,0.428215,0.420333,0.545455,3,3,0.568182,0.801237,29.75,28.55
12,56,0.428141,0.422083,0.545455,3,3,0.568182,0.802062,28.58,29.11
12,57,0.428009,0.421519,0.545455,3,3,0.568182,0.801964,27.75,28.90
12,58,0.428079,0.421249,0.545455,3,3,0.568182,0.801350,29.45,28.90
12,59,0.428272,0.421644,0.545455,3,3,0.568182,0.801190,28.85,29.23
13,0,0.490829,0.395111,0.522727,3,3,0.545455,0.768057,22.18,24.78
13,1,0.413849,0.402385,0.522727,3,3,0.545455,0.771671,25.56,24.93
13,2,0.423628,0.398751,0.545455,3,3,0.545455,0.773286,29.28,25.96
13,3,0.414128,0.403234,0.522727,3,3,0.545455,0.777105,22.75,26.31
13,4,0.413757,0.404036,0.522727,3,3,0.545455,0.776682,26.47,25.65
13,5,0.425076,0.405410,0.545455,3,3,0.545455,0.777196,27.38,25.48
13,6,0.440226,0.405850,0.568182,3,3,0.568182,0.776769,23.39,25.70
13,7,0.426062,0.404845,0.545455,3,3,0.568182,0.779699,25.78,24.96
13,8,0.425593,0.404863,0.545455,3,3,0.568182,0.777358,24.52,24.98
13,9,0.424019,0.405637,0.545455,3,3,0.568182,0.780552,22.19,25.84
13,10,0.425768,0.402829,0.545455,3,3,0.568182,0.782360,23.97,25.40
13,11,0.425347,0.406754,0.545455,3,3,0.568182,0.784013,25.71,25.43
13,12,0.426305,0.409244,0.545455,3,3,0.568182,0.785100,26.31,25.70
13,13,0.426455,0.408158,0.545455,3,3,0.568182,0.785455,26.05,25.46
13,14,0.435875,0.408963,0.568182,3,3,0.568182,0.786365,22.63,26.32
13,15,0.426608,0.404965,0.545455,3,3,0.568182,0.786494,23.89,25.20
13,16,0.425722,0.408722,0.545455,3,3,0.568182,0.787358,24.48,24.97
13,17,0.426270,0.408133,0.545455,3,3,0.568182,0.787281,24.67,25.02
13,18,0.426613,0.410919,0.545455,3,3,0.568182,0.786875,25.26,24.97
13,19,0.427008,0.411643,0.545455,3,3,0.568182,0.787496,26.21,24.77
13,20,0.426611,0.410259,0.545455,3,3,0.568182,0.787845,23.79,25.06
13,21,0.426742,0.410619,0.545455,3,3,0.568182,0.788359,23.80,24.96
13,22,0.426829,0.412216,0.545455,3,3,0.568182,0.789167,24.87,25.11
13,23,0.426715,0.409434,0.545455,3,3,0.568182,0.788729,26.62,24.44
13,24,0.426961,0.413245,0.545455,3,3,0.568182,0.788032,25.53,24.24
13,25,0.427475,0.415989,0.545455,3,3,0.568182,0.791436,25.53,24.33
13,26,0.426986,0.415044,0.545455,3,3,0.568182,0.791607,26.29,24.98
13,27,0.427126,0.417213,0.545455,3,3,0.568182,0.792129,26.51,25.14
13,28,0.427094,0.414035,0.545455,3,3,0.568182,0.793337,26.89,25.34
13,29,0.427256,0.416675,0.545455,3,3,0.568182,0.793903,29.89,26.00
13,30,0.427169,0.416695,0.545455,3,3,0.568182,0.794191,26.43,25.92
13,31,0.427676,0.418822,0.545455,3,3,0.568182,0.793607,27.71,25.62
13,32,0.427861,0.419150,0.545455,3,3,0.568182,0.794422,27.62,25.87
13,33,0.427485,0.418138,0.545455,3,3,0.568182,0.792862,27.45,25.99
13,34,0.427385,0.416545,0.545455,3,3,0.568182,0.793905,26.09,27.05
13,35,0.427381,0.416261,0.545455,3,3,0.568182,0.794406,25.37,25.84
13,36,0.427517,0.418365,0.545455,3,3,0.568182,0.795021,28.09,26.23
13,37,0.427513,0.419509,0.545455,3,3,0.568182,0.795887,27.44,26.37
13,38,0.427253,0.417246,0.545455,3,3,0.568182,0.796732,26.29,27.37
13,39,0.427603,0.418310,0.545455,3,3,0.568182,0.796578,25.80,26.55
13,40,0.427879,0.420025,0.545455,3,3,0.568182,0.797871,26.97,26.29
13,41,0.427796,0.418164,0.545455,3,3,0.568182,0.798741,27.53,26.20
13,42,0.427970,0.417553,0.545455,3,3,0.568182,0.798468,27.68,25.70
13,43,0.428105,0.415093,0.545455,3,3,0.568182,0.798206,28.25,26.28
13,44,0.427618,0.418122,0.545455,3,3,0.568182,0.797589,26.57,26.05
13,45,0.427737,0.418457,0.545455,3,3,0.568182,0.798823,28.01,26.30
13,46,0.427728,0.417885,0.545455,3,3,0.568182,0.798572,26.53,26.29
13,47,0.427835,0.421697,0.545455,3,3,0.568182,0.798636,26.96,26.30
13,48,0.427742,0.419332,0.545455,3,3,0.568182,0.798514,27.13,26.65
13,49,0.428018,0.419869,0.545455,3,3,0.568182,0.799271,27.21,26.26
13,50,0.427870,0.419332,0.545455,3,3,0.568182,0.798782,27.09,26.11
13,51,0.427739,0.418928,0.545455,3,3,0.568182,0.798605,24.65,26.42
13,52,0.427874,0.419677,0.545455,3,3,0.568182,0.798340,26.73,26.46
13,53,0.427669,0.420993,0.545455,3,3,0.568182,0.798866,26.17,26.27
13,54,0.427864,0.422832,0.545455,3,3,0.568182,0.799308,27.58,26.93
13,55,0.427993,0.418719,0.545455,3,3,0.568182,0.799391,27.52,26.40
13,56,0.427855,0.423585,0.545455,3,3,0.568182,0.799908,26.61,26.32
13,57,0.427998,0.423834,0.545455,3,3,0.568182,0.800225,26.36,26.85
13,58,0.428012,0.420182,0.545455,3,3,0.568182,0.799862,26.32,26.37
13,59,0.428127,0.422730,0.545455,3,3,0.568182,0.799733,25.84,26.31
14,0,0.436036,0.393094,0.477273,2,3,0.568182,0.767469,26.74,23.98
14,1,0.413618,0.397541,0.522727,3,3,0.568182,0.767711,23.31,24.38
14,2,0.423935,0.400130,0.545455,3,3,0.568182,0.768440,22.75,24.21
14,3,0.424263,0.398818,0.545455,3,3,0.568182,0.767635,24.06,24.86
14,4,0.425424,0.395476,0.545455,3,3,0.568182,0.772147,21.45,24.55
14,5,0.424312,0.403499,0.545455,3,3,0.568182,0.774185,24.61,24.93
14,6,0.425115,0.402517,0.545455,3,3,0.568182,0.775629,23.07,24.11
14,7,0.424811,0.401489,0.545455,3,3,0.568182,0.775911,24.39,23.74
14,8,0.425352,0.401442,0.545455,3,3,0.568182,0.776311,24.85,23.97
14,9,0.426445,0.404743,0.545455,3,3,0.568182,0.775167,24.63,23.98
14,10,0.425622,0.405511,0.545455,3,3,0.568182,0.775026,23.55,24.37
14,11,0.425919,0.408935,0.545455,3,3,0.568182,0.777962,23.71,24.09
14,12,0.425222,0.406581,0.545455,3,3,0.568182,0.778321,24.89,24.02
14,13,0.426333,0.412233,0.545455,3,3,0.568182,0.779369,27.02,24.26
14,14,0.437082,0.411931,0.568182,3,3,0.568182,0.780948,24.91,24.31
14,15,0.426585,0.411859,0.545455,3,3,0.568182,0.780953,25.46,24.51
14,16,0.426200,0.411525,0.545455,3,3,0.568182,0.780628,25.75,24.26
14,17,0.437701,0.415103,0.568182,3,3,0.568182,0.782390,22.59,24.65
14,18,0.426518,0.414817,0.545455,3,3,0.568182,0.781334,25.23,24.33
14,19,0.426027,0.413664,0.545455,3,3,0.568182,0.781371,23.87,24.40
14,20,0.426045,0.414414,0.545455,3,3,0.568182,0.781652,23.73,23.85
14,21,0.426498,0.414955,0.545455,3,3,0.568182,0.782617,22.75,24.58
14,22,0.426514,0.417156,0.545455,3,3,0.568182,0.783055,24.52,23.77
14,23,0.426935,0.413511,0.545455,3,3,0.568182,0.784380,24.19,23.21
14,24,0.426791,0.418374,0.545455,3,3,0.568182,0.786055,24.16,23.32
14,25,0.426796,0.421101,0.545455,3,3,0.568182,0.787324,23.44,23.60
14,26,0.427296,0.420439,0.545455,3,3,0.568182,0.787164,24.38,23.16
14,27,0.427327,0.421114,0.545455,3,3,0.568182,0.788424,22.25,22.97
14,28,0.427142,0.422147,0.545455,3,3,0.568182,0.789207,22.65,22.84
14,29,0.427361,0.421749,0.545455,3,3,0.568182,0.790803,21.43,23.07
14,30,0.427339,0.420685,0.545455,3,3,0.568182,0.793313,24.00,22.76
14,31,0.427489,0.419107,0.545455,3,3,0.568182,0.792930,23.05,22.54
14,32,0.427575,0.420387,0.545455,3,3,0.568182,0.792821,23.06,22.85
14,33,0.427544,0.420892,0.545455,3,3,0.568182,0.794788,23.62,22.60
14,34,0.427567,0.422159,0.545455,3,3,0.568182,0.794147,22.87,22.39
14,35,0.427519,0.419212,0.545455,3,3,0.568182,0.795675,23.27,22.82
14,36,0.427241,0.419479,0.545455,3,3,0.568182,0.793651,23.21,22.47
14,37,0.427668,0.419587,0.545455,3,3,0.568182,0.794701,23.69,23.89
14,38,0.427845,0.419592,0.545455,3,3,0.568182,0.795614,23.00,22.61
14,39,0.427668,0.421027,0.545455,3,3,0.568182,0.795670,23.41,22.58
14,40,0.438340,0.419895,0.568182,3,3,0.568182,0.795513,23.15,22.84
14,41,0.438240,0.419558,0.568182,3,3,0.568182,0.795837,22.38,23.20
14,42,0.427527,0.422366,0.545455,3,3,0.568182,0.796418,22.71,22.71
14,43,0.427635,0.421764,0.545455,3,3,0.568182,0.797133,22.85,22.75
14,44,0.427698,0.422579,0.545455,3,3,0.568182,0.796112,23.34,22.68
14,45,0.427623,0.422972,0.545455,3,3,0.568182,0.796777,22.27,22.69
14,46,0.427737,0.418955,0.545455,3,3,0.568182,0.796986,23.17,23.10
14,47,0.427704,0.422710,0.545455,3,3,0.568182,0.797517,22.71,22.57
14,48,0.427601,0.423267,0.545455,3,3,0.568182,0.797656,21.81,22.61
14,49,0.428269,0.419897,0.545455,3,3,0.568182,0.798619,23.09,22.66
14,50,0.427983,0.421400,0.545455,3,3,0.568182,0.797843,23.71,22.23
14,51,0.427780,0.421657,0.545455,3,3,0.568182,0.798102,22.44,22.33
14,52,0.427993,0.423492,0.545455,3,3,0.568182,0.797975,24.91,22.18
14,53,0.427725,0.421147,0.545455,3,3,0.568182,0.797826,22.78,22.52
14,54,0.427946,0.420580,0.545455,3,3,0.568182,0.798408,23.66,22.37
14,55,0.428064,0.421849,0.545455,3,3,0.568182,0.799114,23.29,22.44
14,56,0.428032,0.422700,0.545455,3,3,0.568182,0.798909,21.48,22.32
14,57,0.428100,0.420399,0.545455,3,3,0.568182,0.799287,22.29,22.33
14,58,0.427969,0.423275,0.545455,3,3,0.568182,0.798866,24.29,22.72
14,59,0.427912,0.423038,0.545455,3,3,0.568182,0.798829,23.69,22.62
15,0,0.436349,0.394356,0.477273,2,3,0.545455,0.768714,20.73,24.56
15,1,0.425272,0.401706,0.545455,3,3,0.568182,0.770186,25.93,25.69
15,2,0.414478,0.401508,0.522727,3,3,0.568182,0.771976,27.18,25.16
15,3,0.425648,0.405045,0.545455,3,3,0.568182,0.774705,27.67,25.60
15,4,0.425178,0.406851,0.545455,3,3,0.568182,0.776072,25.11,25.07
15,5,0.425990,0.407288,0.545455,3,3,0.568182,0.778390,24.79,25.22
15,6,0.425211,0.407257,0.545455,3,3,0.568182,0.777924,25.42,24.79
15,7,0.425607,0.406315,0.545455,3,3,0.568182,0.779478,24.77,25.60
15,8,0.425280,0.407234,0.545455,3,3,0.568182,0.779563,24.00,24.56
15,9,0.425772,0.410359,0.545455,3,3,0.568182,0.780247,23.82,24.39
15,10,0.425623,0.410285,0.545455,3,3,0.568182,0.780710,23.59,24.51
15,11,0.426076,0.410519,0.545455,3,3,0.568182,0.779563,24.18,24.69
15,12,0.426678,0.408568,0.545455,3,3,0.568182,0.781555,24.55,24.71
15,13,0.435929,0.410036,0.568182,3,3,0.568182,0.781634,26.87,24.81
15,14,0.426268,0.411973,0.545455,3,3,0.568182,0.781752,27.17,24.81
15,15,0.426318,0.413544,0.545455,3,3,0.568182,0.782916,24.83,24.96
15,16,0.426541,0.412835,0.545455,3,3,0.568182,0.783444,25.61,24.87
15,17,0.426693,0.415736,0.545455,3,3,0.568182,0.785395,24.01,25.76
15,18,0.426987,0.414038,0.545455,3,3,0.568182,0.786291,23.73,24.88
15,19,0.426546,0.412033,0.545455,3,3,0.568182,0.787533,23.15,25.07
15,20,0.426503,0.412479,0.545455,3,3,0.568182,0.786051,23.69,24.60
15,21,0.426725,0.411543,0.545455,3,3,0.568182,0.786376,25.49,24.71
15,22,0.426830,0.414887,0.545455,3,3,0.568182,0.788450,25.08,25.79
15,23,0.426940,0.414688,0.545455,3,3,0.568182,0.788482,27.81,25.32
15,24,0.426966,0.416386,0.545455,3,3,0.568182,0.789466,25.01,25.10
15,25,0.426726,0.417666,0.545455,3,3,0.568182,0.790434,27.03,25.63
15,26,0.427083,0.412391,0.545455,3,3,0.568182,0.791099,27.13,25.60
15,27,0.427221,0.420178,0.545455,3,3,0.568182,0.790705,25.37,25.51
15,28,0.427130,0.417872,0.545455,3,3,0.568182,0.790373,26.46,25.71
15,29,0.427232,0.416731,0.545455,3,3,0.568182,0.792294,25.29,27.18
15,30,0.438070,0.416624,0.568182,3,3,0.568182,0.792119,26.41,26.23
15,31,0.427248,0.417213,0.545455,3,3,0.568182,0.792962,28.55,26.32
15,32,0.427558,0.417991,0.545455,3,3,0.568182,0.793822,24.96,26.50
15,33,0.427383,0.419422,0.545455,3,3,0.568182,0.793672,26.43,26.61
15,34,0.427414,0.420920,0.545455,3,3,0.568182,0.794136,25.75,26.58
15,35,0.427236,0.420097,0.545455,3,3,0.568182,0.793981,26.59,26.56
15,36,0.438122,0.416223,0.568182,3,3,0.568182,0.793381,25.81,27.58
15,37,0.426990,0.422872,0.545455,3,3,0.568182,0.793605,27.33,26.88
15,38,0.427693,0.419538,0.545455,3,3,0.568182,0.792342,27.94,26.68
15,39,0.427272,0.419191,0.545455,3,3,0.568182,0.793187,26.42,27.44
15,40,0.427346,0.420130,0.545455,3,3,0.568182,0.792177,25.33,26.67
15,41,0.427397,0.421854,0.545455,3,3,0.568182,0.792612,26.89,27.09
15,42,0.427520,0.418739,0.545455,3,3,0.568182,0.792507,27.64,26.90
15,43,0.427311,0.421633,0.545455,3,3,0.568182,0.793327,26.59,27.06
15,44,0.427266,0.422730,0.545455,3,3,0.568182,0.792119,26.16,27.28
15,45,0.427847,0.423083,0.545455,3,3,0.568182,0.794663,28.43,27.19
15,46,0.427475,0.421637,0.545455,3,3,0.568182,0.793889,24.83,27.12
15,47,0.438699,0.420593,0.568182,3,3,0.568182,0.795628,25.16,26.65
15,48,0.427515,0.423888,0.545455,3,3,0.568182,0.794836,23.93,26.62
15,49,0.427669,0.423656,0.545455,3,3,0.568182,0.795687,24.81,26.12
15,50,0.427528,0.423448,0.545455,3,3,0.568182,0.796431,25.73,25.94
15,51,0.427723,0.423791,0.545455,3,3,0.568182,0.797645,27.09,25.83
15,52,0.427725,0.425015,0.545455,3,3,0.568182,0.797168,27.05,25.79
15,53,0.427797,0.424079,0.545455,3,3,0.568182,0.797065,25.71,25.56
15,54,0.427746,0.425922,0.545455,3,3,0.568182,0.797324,26.58,25.39
15,55,0.427741,0.425157,0.545455,3,3,0.568182,0.798105,27.28,25.53
15,56,0.427860,0.426248,0.545455,3,3,0.568182,0.797631,26.20,25.53
15,57,0.427880,0.424241,0.545455,3,3,0.568182,0.797759,26.27,25.69
15,58,0.427883,0.423622,0.545455,3,3,0.568182,0.797899,26.00,25.90
15,59,0.439214,0.423117,0.568182,3,3,0.568182,0.796894,27.24,25.91
16,0,0.474257,0.394993,0.500000,3,3,0.545455,0.765044,22.35,24.38
16,1,0.423427,0.400039,0.545455,3,3,0.545455,0.771725,21.13,26.46
16,2,0.426182,0.400315,0.545455,3,3,0.568182,0.773225,34.35,25.93
16,3,0.414335,0.400762,0.522727,3,3,0.568182,0.776333,33.85,27.18
16,4,0.425344,0.402174,0.545455,3,3,0.568182,0.778303,32.72,26.84
16,5,0.424939,0.399474,0.545455,3,3,0.568182,0.777821,28.43,26.95
16,6,0.425888,0.404869,0.545455,3,3,0.568182,0.779382,34.41,29.22
16,7,0.414306,0.401485,0.522727,3,3,0.568182,0.780565,29.39,28.62
16,8,0.425597,0.402961,0.545455,3,3,0.568182,0.779620,31.74,27.88
16,9,0.425819,0.406197,0.545455,3,3,0.568182,0.781093,26.60,27.75
16,10,0.425813,0.405529,0.545455,3,3,0.568182,0.781193,28.77,27.08
16,11,0.425230,0.401854,0.545455,3,3,0.568182,0.780878,25.53,27.36
16,12,0.426361,0.409482,0.545455,3,3,0.568182,0.782189,26.79,27.19
16,13,0.425241,0.406523,0.545455,3,3,0.568182,0.781495,27.09,27.08
16,14,0.426096,0.408574,0.545455,3,3,0.568182,0.782737,25.94,26.64
16,15,0.425796,0.409474,0.545455,3,3,0.568182,0.782433,25.08,26.56
16,16,0.426493,0.411385,0.545455,3,3,0.568182,0.784533,31.31,27.21
16,17,0.426538,0.412130,0.545455,3,3,0.568182,0.784666,28.23,27.90
16,18,0.426342,0.404106,0.545455,3,3,0.568182,0.786286,28.98,28.30
16,19,0.426532,0.411957,0.545455,3,3,0.568182,0.784736,27.30,27.37
16,20,0.426106,0.410855,0.545455,3,3,0.568182,0.785941,27.48,27.22
16,21,0.425888,0.412161,0.545455,3,3,0.568182,0.784849,26.77,27.53
16,22,0.426587,0.414080,0.545455,3,3,0.568182,0.784390,27.12,27.13
16,23,0.415152,0.411433,0.522727,3,3,0.568182,0.785688,27.03,27.15
16,24,0.426716,0.413315,0.545455,3,3,0.568182,0.786411,28.61,27.16
16,25,0.426581,0.410229,0.545455,3,3,0.568182,0.786125,25.89,28.27
16,26,0.415467,0.410783,0.522727,3,3,0.568182,0.787205,27.59,26.88
16,27,0.426864,0.414945,0.545455,3,3,0.568182,0.788450,27.54,26.91
16,28,0.426603,0.412221,0.545455,3,3,0.568182,0.787815,28.21,26.60
16,29,0.438298,0.412266,0.568182,3,3,0.568182,0.788606,26.62,26.67
16,30,0.426855,0.409997,0.545455,3,3,0.568182,0.789195,26.21,26.55
16,31,0.426914,0.414821,0.545455,3,3,0.568182,0.790235,27.66,26.81
16,32,0.438385,0.415123,0.568182,3,3,0.568182,0.790091,28.95,26.78
16,33,0.426481,0.412488,0.545455,3,3,0.568182,0.790755,27.24,26.97
16,34,0.427242,0.414966,0.545455,3,3,0.568182,0.791473,29.41,26.82
16,35,0.426755,0.415013,0.545455,3,3,0.568182,0.790871,27.55,26.91
16,36,0.426905,0.414212,0.545455,3,3,0.568182,0.792010,24.75,27.27
16,37,0.426809,0.412986,0.545455,3,3,0.568182,0.792585,26.63,27.08
16,38,0.427375,0.414965,0.545455,3,3,0.568182,0.793509,28.81,26.96
16,39,0.438300,0.416441,0.568182,3,3,0.568182,0.794415,25.94,27.74
16,40,0.438740,0.416777,0.568182,3,3,0.568182,0.794276,26.27,27.34
16,41,0.427329,0.415165,0.545455,3,3,0.568182,0.794221,27.31,26.95
16,42,0.427253,0.413687,0.545455,3,3,0.568182,0.793869,25.45,26.85
16,43,0.427417,0.415534,0.545455,3,3,0.568182,0.795760,26.59,28.38
16,44,0.427411,0.415445,0.545455,3,3,0.568182,0.794704,26.59,27.27
16,45,0.427490,0.416800,0.545455,3,3,0.568182,0.795909,28.40,27.05
16,46,0.438655,0.417928,0.568182,3,3,0.568182,0.795657,25.93,27.07
16,47,0.427498,0.419542,0.545455,3,3,0.568182,0.796509,26.63,26.08
16,48,0.427721,0.414620,0.545455,3,3,0.568182,0.796034,27.45,26.70
16,49,0.427751,0.421189,0.545455,3,3,0.568182,0.797663,29.09,26.53
16,50,0.427541,0.419476,0.545455,3,3,0.568182,0.798254,25.21,26.57
16,51,0.427763,0.418259,0.545455,3,3,0.568182,0.797749,26.57,26.79
16,52,0.438864,0.422011,0.568182,3,3,0.568182,0.797269,26.67,26.30
16,53,0.427833,0.419248,0.545455,3,3,0.568182,0.797886,27.13,26.20
16,54,0.427942,0.417127,0.545455,3,3,0.568182,0.798233,26.51,26.03
16,55,0.438529,0.419247,0.568182,3,3,0.568182,0.798923,24.65,26.37
16,56,0.438882,0.417049,0.568182,3,3,0.568182,0.800295,26.57,26.59
16,57,0.438644,0.419114,0.568182,3,3,0.568182,0.799590,27.43,26.65
16,58,0.428140,0.416675,0.545455,3,3,0.568182,0.800006,27.31,26.21
16,59,0.428258,0.418174,0.545455,3,3,0.568182,0.800515,27.87,26.38
17,0,0.449006,0.394255,0.500000,2,3,0.545455,0.764567,27.45,24.76
17,1,0.415231,0.395531,0.522727,3,3,0.568182,0.768580,29.29,25.54
17,2,0.425881,0.407557,0.545455,3,3,0.568182,0.776729,28.55,25.77
17,3,0.425735,0.410565,0.545455,3,3,0.568182,0.781503,25.26,26.68
17,4,0.435721,0.408668,0.568182,3,3,0.568182,0.780527,25.97,26.80
17,5,0.425817,0.412006,0.545455,3,3,0.568182,0.782103,26.82,27.36
17,6,0.425861,0.412336,0.545455,3,3,0.568182,0.782521,25.93,26.69
17,7,0.426262,0.412959,0.545455,3,3,0.568182,0.785032,26.73,27.34
17,8,0.426197,0.414015,0.545455,3,3,0.568182,0.785218,28.13,26.54
17,9,0.426219,0.414174,0.545455,3,3,0.568182,0.785487,28.12,26.79
17,10,0.426079,0.412015,0.545455,3,3,0.568182,0.784719,26.86,26.69
17,11,0.426688,0.416614,0.545455,3,3,0.568182,0.785779,28.71,26.43
17,12,0.426683,0.416051,0.545455,3,3,0.568182,0.786298,27.17,26.92
17,13,0.426642,0.415712,0.545455,3,3,0.568182,0.786394,28.81,27.15
17,14,0.426640,0.417872,0.545455,3,3,0.568182,0.787307,29.45,27.85
17,15,0.426835,0.417641,0.545455,3,3,0.568182,0.787640,29.81,27.83
17,16,0.426949,0.415081,0.545455,3,3,0.568182,0.789259,28.21,27.70
17,17,0.426803,0.416693,0.545455,3,3,0.568182,0.788990,26.01,27.57
17,18,0.427001,0.416948,0.545455,3,3,0.568182,0.790140,27.36,28.05
17,19,0.437357,0.418580,0.568182,3,3,0.568182,0.789139,27.03,27.99
17,20,0.427231,0.420782,0.545455,3,3,0.568182,0.788558,27.55,28.05
17,21,0.427525,0.418004,0.545455,3,3,0.568182,0.790832,28.60,27.92
17,22,0.427233,0.415531,0.545455,3,3,0.568182,0.787215,27.75,28.25
17,23,0.427394,0.420210,0.545455,3,3,0.568182,0.790256,28.73,28.07
17,24,0.426944,0.417195,0.545455,3,3,0.568182,0.790240,29.75,27.99
17,25,0.426677,0.418301,0.545455,3,3,0.568182,0.788504,26.71,28.01
17,26,0.427184,0.418325,0.545455,3,3,0.568182,0.789896,28.67,28.35
17,27,0.426798,0.415021,0.545455,3,3,0.568182,0.791001,26.91,28.73
17,28,0.427475,0.420128,0.545455,3,3,0.568182,0.792353,28.01,28.48
17,29,0.427222,0.415737,0.545455,3,3,0.568182,0.790860,30.25,29.63
17,30,0.427240,0.418795,0.545455,3,3,0.568182,0.792771,29.55,29.26
17,31,0.427408,0.421088,0.545455,3,3,0.568182,0.794237,29.22,29.45
17,32,0.427242,0.418806,0.545455,3,3,0.568182,0.793877,34.73,29.39
17,33,0.427596,0.422271,0.545455,3,3,0.568182,0.794052,31.95,29.87
17,34,0.427594,0.420503,0.545455,3,3,0.568182,0.794780,32.88,30.27
17,35,0.438363,0.420908,0.568182,3,3,0.568182,0.795210,28.98,29.61
17,36,0.427884,0.421341,0.545455,3,3,0.568182,0.796648,31.57,29.94
17,37,0.427505,0.419673,0.545455,3,3,0.568182,0.797183,30.87,31.30
17,38,0.427520,0.421631,0.545455,3,3,0.568182,0.797520,29.81,30.27
17,39,0.427952,0.420911,0.545455,3,3,0.568182,0.797748,29.97,30.75
17,40,0.427788,0.421634,0.545455,3,3,0.568182,0.797986,31.01,30.31
17,41,0.427672,0.420665,0.545455,3,3,0.568182,0.798166,30.65,30.29
17,42,0.427780,0.423382,0.545455,3,3,0.568182,0.799356,30.39,30.78
17,43,0.428115,0.421004,0.545455,3,3,0.568182,0.799021,31.63,30.65
17,44,0.428072,0.421630,0.545455,3,3,0.568182,0.800069,35.18,30.81
17,45,0.427864,0.423002,0.545455,3,3,0.568182,0.799330,28.71,30.33
17,46,0.428056,0.422372,0.545455,3,3,0.568182,0.800809,32.21,30.75
17,47,0.427886,0.422802,0.545455,3,3,0.568182,0.800618,30.93,31.03
17,48,0.428176,0.424235,0.545455,3,3,0.568182,0.800724,33.73,31.30
17,49,0.428224,0.423084,0.545455,3,3,0.568182,0.801312,33.50,31.03
17,50,0.428287,0.423680,0.545455,3,3,0.568182,0.801358,31.30,31.26
17,51,0.428212,0.423481,0.545455,3,3,0.568182,0.801376,30.44,31.58
17,52,0.428508,0.425500,0.545455,3,3,0.568182,0.801206,32.37,31.35
17,53,0.428222,0.424457,0.545455,3,3,0.568182,0.802473,31.41,31.28
17,54,0.428587,0.424792,0.545455,3,3,0.568182,0.802955,33.71,31.38
17,55,0.428258,0.422882,0.545455,3,3,0.568182,0.802592,31.75,31.54
17,56,0.428112,0.424786,0.545455,3,3,0.568182,0.803079,32.56,31.78
17,57,0.428491,0.424526,0.545455,3,3,0.568182,0.802748,32.87,31.88
17,58,0.428246,0.424243,0.545455,3,3,0.568182,0.803502,31.65,32.16
17,59,0.428393,0.423403,0.545455,3,3,0.568182,0.802201,32.49,31.95
18,0,0.473395,0.394661,0.500000,3,3,0.545455,0.769606,21.68,24.06
18,1,0.414756,0.402511,0.522727,3,3,0.568182,0.769724,32.58,24.86
18,2,0.424785,0.400821,0.545455,3,3,0.568182,0.772467,26.17,25.54
18,3,0.425629,0.403399,0.545455,3,3,0.568182,0.774059,29.66,25.02
18,4,0.424842,0.405628,0.545455,3,3,0.568182,0.776581,25.70,25.30
18,5,0.426101,0.410051,0.545455,3,3,0.568182,0.779416,33.93,25.50
18,6,0.425841,0.413738,0.545455,3,3,0.568182,0.782936,21.83,27.32
18,7,0.426342,0.414327,0.545455,3,3,0.568182,0.785033,21.53,26.41
18,8,0.426880,0.414361,0.545455,3,3,0.568182,0.787197,29.48,26.89
18,9,0.426830,0.412953,0.545455,3,3,0.568182,0.785905,27.13,27.29
18,10,0.426986,0.413814,0.545455,3,3,0.568182,0.788559,27.29,26.79
18,11,0.437595,0.413856,0.568182,3,3,0.568182,0.787535,27.83,26.86
18,12,0.426383,0.413031,0.545455,3,3,0.568182,0.788096,26.93,27.68
18,13,0.426780,0.416745,0.545455,3,3,0.568182,0.786546,27.27,27.02
18,14,0.426776,0.413663,0.545455,3,3,0.568182,0.787545,29.09,27.38
18,15,0.426647,0.416555,0.545455,3,3,0.568182,0.788580,27.31,27.17
18,16,0.426504,0.417881,0.545455,3,3,0.568182,0.787672,28.75,27.62
18,17,0.426873,0.413242,0.545455,3,3,0.568182,0.788659,28.29,27.85
18,18,0.427131,0.416714,0.545455,3,3,0.568182,0.790554,26.57,27.64
18,19,0.426927,0.414257,0.545455,3,3,0.568182,0.790641,28.89,27.62
18,20,0.427170,0.414810,0.545455,3,3,0.568182,0.791545,26.06,27.42
18,21,0.437761,0.419580,0.568182,3,3,0.568182,0.791083,28.38,27.27
18,22,0.427053,0.419674,0.545455,3,3,0.568182,0.791821,26.04,27.30
18,23,0.427471,0.418924,0.545455,3,3,0.568182,0.791906,28.27,27.28
18,24,0.427089,0.420833,0.545455,3,3,0.568182,0.791780,29.27,27.94
18,25,0.427358,0.420554,0.545455,3,3,0.568182,0.793024,27.68,27.97
18,26,0.427247,0.418421,0.545455,3,3,0.568182,0.793509,30.18,28.24
18,27,0.427548,0.422105,0.545455,3,3,0.568182,0.794303,28.87,27.39
18,28,0.427685,0.420977,0.545455,3,3,0.568182,0.794944,29.44,27.63
18,29,0.427669,0.420464,0.545455,3,3,0.568182,0.795522,27.59,27.56
18,30,0.427857,0.418239,0.545455,3,3,0.568182,0.797830,31.42,28.04
18,31,0.427696,0.422941,0.545455,3,3,0.568182,0.797322,30.09,27.13
18,32,0.427891,0.421746,0.545455,3,3,0.568182,0.797211,25.23,27.20
18,33,0.427840,0.422014,0.545455,3,3,0.568182,0.796986,34.10,27.28
18,34,0.427839,0.422981,0.545455,3,3,0.568182,0.798080,28.25,27.66
18,35,0.428106,0.419256,0.545455,3,3,0.568182,0.797937,31.07,28.23
18,36,0.427849,0.420273,0.545455,3,3,0.568182,0.798951,27.81,28.78
18,37,0.428001,0.423756,0.545455,3,3,0.568182,0.799678,34.61,29.83
18,38,0.428034,0.422472,0.545455,3,3,0.568182,0.800653,31.17,30.59
18,39,0.428257,0.424115,0.545455,3,3,0.568182,0.802066,32.28,30.78
18,40,0.428316,0.424012,0.545455,3,3,0.568182,0.801144,31.81,31.35
18,41,0.428263,0.422442,0.545455,3,3,0.568182,0.801764,29.51,32.21
18,42,0.428056,0.420867,0.545455,3,3,0.568182,0.802766,35.48,32.90
18,43,0.428355,0.421590,0.545455,3,3,0.568182,0.804373,32.51,31.52
18,44,0.428314,0.424202,0.545455,3,3,0.568182,0.803408,29.65,30.69
18,45,0.428152,0.425096,0.545455,3,3,0.568182,0.803875,33.69,30.62
18,46,0.428590,0.425131,0.545455,3,3,0.568182,0.804331,33.83,31.16
18,47,0.428376,0.424080,0.545455,3,3,0.568182,0.804455,33.59,31.14
18,48,0.428283,0.423005,0.545455,3,3,0.568182,0.804204,32.53,30.91
18,49,0.428455,0.426041,0.545455,3,3,0.568182,0.803945,30.71,30.99
18,50,0.428324,0.425705,0.545455,3,3,0.568182,0.803774,32.47,30.90
18,51,0.428392,0.423262,0.545455,3,3,0.568182,0.804592,30.83,31.42
18,52,0.428389,0.424024,0.545455,3,3,0.568182,0.804812,31.59,30.25
18,53,0.428611,0.424038,0.545455,3,3,0.568182,0.805151,31.94,30.45
18,54,0.428392,0.424115,0.545455,3,3,0.568182,0.804929,29.81,30.51
18,55,0.428512,0.426257,0.545455,3,3,0.568182,0.805472,31.59,30.37
18,56,0.428625,0.422466,0.545455,3,3,0.568182,0.805590,30.34,30.38
18,57,0.428418,0.427701,0.545455,3,3,0.568182,0.806076,30.70,30.33
18,58,0.428662,0.425857,0.545455,3,3,0.568182,0.805609,31.04,30.32
18,59,0.428447,0.425000,0.545455,3,3,0.568182,0.806306,29.49,30.40
19,0,0.476043,0.394707,0.500000,3,3,0.568182,0.770568,24.88,25.91
19,1,0.425539,0.405234,0.545455,3,3,0.568182,0.775748,33.31,28.91
19,2,0.425638,0.406343,0.545455,3,3,0.568182,0.775669,32.08,29.23
19,3,0.425613,0.408227,0.545455,3,3,0.568182,0.779356,34.63,29.55
19,4,0.425416,0.411665,0.545455,3,3,0.568182,0.779355,33.73,30.88
19,5,0.425425,0.412412,0.545455,3,3,0.568182,0.777957,35.13,31.82
19,6,0.425791,0.415264,0.545455,3,3,0.568182,0.780080,31.13,31.88
19,7,0.426331,0.416281,0.545455,3,3,0.568182,0.781416,34.20,31.15
19,8,0.426128,0.418205,0.545455,3,3,0.568182,0.782549,36.13,31.63
19,9,0.426499,0.416891,0.545455,3,3,0.568182,0.781618,36.51,31.82
19,10,0.426110,0.417558,0.545455,3,3,0.568182,0.784466,34.32,33.16
19,11,0.426277,0.419663,0.545455,3,3,0.568182,0.784097,34.59,33.09
19,12,0.426550,0.419506,0.545455,3,3,0.568182,0.784396,35.80,33.01
19,13,0.426310,0.419325,0.545455,3,3,0.568182,0.784534,30.73,32.21
19,14,0.426659,0.416275,0.545455,3,3,0.568182,0.785401,29.08,32.66
19,15,0.427130,0.417864,0.545455,3,3,0.568182,0.786666,31.48,31.28
19,16,0.427565,0.418355,0.545455,3,3,0.568182,0.787381,29.22,31.15
19,17,0.426938,0.419122,0.545455,3,3,0.568182,0.787725,31.41,31.37
19,18,0.426820,0.420952,0.545455,3,3,0.568182,0.786971,29.26,31.57
19,19,0.426140,0.419269,0.545455,3,3,0.568182,0.785234,30.38,31.56
19,20,0.426891,0.421187,0.545455,3,3,0.568182,0.786348,30.83,32.15
19,21,0.426641,0.420709,0.545455,3,3,0.568182,0.787897,28.51,30.83
19,22,0.426854,0.420816,0.545455,3,3,0.568182,0.788452,29.81,31.09
19,23,0.427251,0.421565,0.545455,3,3,0.568182,0.789088,32.03,30.64
19,24,0.426984,0.421201,0.545455,3,3,0.568182,0.790278,28.60,31.99
19,25,0.427133,0.420431,0.545455,3,3,0.568182,0.790385,27.23,30.20
19,26,0.427368,0.422820,0.545455,3,3,0.568182,0.790859,28.73,29.14
19,27,0.427232,0.423894,0.545455,3,3,0.568182,0.792435,28.93,29.12
19,28,0.427622,0.424985,0.545455,3,3,0.568182,0.791811,28.30,29.21
19,29,0.427145,0.423275,0.545455,3,3,0.568182,0.792844,26.73,28.97
19,30,0.427502,0.422427,0.545455,3,3,0.568182,0.792764,28.89,29.96
19,31,0.438048,0.422838,0.568182,3,3,0.568182,0.793137,29.47,29.00
19,32,0.427356,0.424179,0.545455,3,3,0.568182,0.793075,29.77,29.52
19,33,0.427597,0.422933,0.545455,3,3,0.568182,0.794180,29.99,29.68
19,34,0.427442,0.422589,0.545455,3,3,0.568182,0.794472,28.99,29.47
19,35,0.427512,0.424717,0.545455,3,3,0.568182,0.794841,28.17,29.10
19,36,0.427724,0.422361,0.545455,3,3,0.568182,0.795763,34.11,29.84
19,37,0.427851,0.423444,0.545455,3,3,0.568182,0.795947,29.35,29.81
19,38,0.427641,0.424542,0.545455,3,3,0.568182,0.796639,32.47,30.26
19,39,0.438735,0.423001,0.568182,3,3,0.568182,0.795176,31.82,30.89
19,40,0.427570,0.423080,0.545455,3,3,0.568182,0.795033,30.16,30.29
19,41,0.427407,0.422126,0.545455,3,3,0.568182,0.793833,31.62,30.31
19,42,0.427441,0.421108,0.545455,3,3,0.568182,0.794648,30.21,30.31
19,43,0.427369,0.422557,0.545455,3,3,0.568182,0.795616,31.33,30.83
19,44,0.427395,0.420969,0.545455,3,3,0.568182,0.795799,31.42,30.48
19,45,0.427532,0.423336,0.545455,3,3,0.568182,0.796088,31.69,31.19
19,46,0.427727,0.423157,0.545455,3,3,0.568182,0.796739,31.66,30.98
19,47,0.427429,0.424044,0.545455,3,3,0.568182,0.796361,31.45,31.31
19,48,0.427971,0.423434,0.545455,3,3,0.568182,0.796666,32.34,31.31
19,49,0.438587,0.425242,0.568182,3,3,0.568182,0.797699,30.75,32.59
19,50,0.427666,0.425622,0.545455,3,3,0.568182,0.798080,34.14,32.05
19,51,0.427682,0.424966,0.545455,3,3,0.568182,0.796753,32.43,32.32
19,52,0.427603,0.425449,0.545455,3,3,0.568182,0.796116,31.08,33.07
19,53,0.438936,0.426570,0.568182,3,3,0.568182,0.797579,31.23,31.78
19,54,0.427714,0.425025,0.545455,3,3,0.568182,0.796906,34.34,31.73
19,55,0.427988,0.426289,0.545455,3,3,0.568182,0.797596,29.93,31.56
19,56,0.427630,0.426280,0.545455,3,3,0.568182,0.797374,30.09,31.49
19,57,0.427631,0.425417,0.545455,3,3,0.568182,0.797454,33.46,32.27
19,58,0.427612,0.425956,0.545455,3,3,0.568182,0.797377,31.73,32.19
19,59,0.427558,0.426287,0.545455,3,3,0.568182,0.797564,32.21,32.48
